sample_id	Cell Cycle	HIPPO	MYC	NOTCH	NRF2	PI3K	RTK RAS	TP53	TGF-Beta	WNT
03c3c692-8a86-4843-85ae-e045f0fa6f88	1	0	0	0	0	1	1	1	1	0
09497b9b-6fca-48cb-af97-161a3e434a51	1	0	0	1	0	0	1	1	0	0
0bfd1043-8170-e3e4-e050-11ac0c4860c5	1	0	0	0	0	1	1	1	0	0
0bfd1043-8183-e3e4-e050-11ac0c4860c5	0	0	0	0	0	1	0	0	1	0
3a49a936-c623-11e3-bf01-24c6515278c0	0	0	0	0	0	0	0	0	0	1
42f00950-09c9-461a-8423-d5b04a96af10	0	0	0	0	0	0	1	1	1	0
6297aa77-37a0-4f46-987b-32bd8653c0c2	1	0	0	0	0	0	1	1	1	0
681e2301-2057-40e4-ab63-934775d63faa	1	0	0	1	0	1	1	0	0	0
77c022d3-2f29-49d3-a1df-cc2e9407fd7f	1	0	0	0	0	1	0	1	1	0
7c5c2293-3f40-4ae3-8346-6a327b2abf4d	1	0	0	0	0	1	1	1	0	0
87671312-c622-11e3-bf01-24c6515278c0	0	0	0	1	0	0	0	1	1	1
8c850df7-d48e-4386-b3a5-cac5da865ea5	1	0	0	0	0	0	0	0	0	0
8e7fe8bb-6b3d-428f-a232-97e6042a0f39	0	0	0	0	0	1	0	1	0	0
abbbe65c-c622-11e3-bf01-24c6515278c0	1	0	0	1	0	0	0	0	0	0
ac02c38e-5fca-4995-b0cc-39b6189976a3	1	0	0	0	0	0	1	1	1	0
b35d9a68-29f4-49ab-b83e-b5151679e3af	1	1	0	1	0	0	1	0	0	0
bcc74a5e-c622-11e3-bf01-24c6515278c0	0	0	0	0	0	1	0	0	0	0
c6a28615-1b92-4085-956e-eeedb2573c03	0	0	0	0	0	0	0	0	0	1
cf2d34c4-c622-11e3-bf01-24c6515278c0	1	0	0	0	0	0	0	1	0	0
d4907a1b-8b06-47c5-8bca-c781d9cddaf8	1	0	0	1	0	0	1	1	0	0
dbbd54db-4470-4df6-b5be-3e175c7133b0	1	0	0	0	0	0	0	1	0	0
eb18e71d-2a27-4eae-aa27-4b2c0716d2ba	0	0	0	0	0	0	0	1	0	0
f48c3c82-bebe-4b8e-909e-e1a51a7142ec	0	0	0	0	0	0	1	1	0	1
f82d2146-726a-d0e0-e040-11ac0c486888	1	0	0	0	0	0	0	1	0	0
f83fc777-5416-c3e9-e040-11ac0d482c8e	1	1	0	0	0	0	0	1	0	0
f85397dc-e6e9-4f54-e040-11ac0d48706c	1	0	0	0	0	0	1	1	0	0
f9c3e4e3-1b95-b71a-e040-11ac0d4819e7	0	0	0	0	0	1	0	1	0	0
fab0be4b-c84a-45cd-a76f-44d9a8bf1846	1	0	0	0	0	0	1	1	0	0
fc447d51-cdc2-a180-e040-11ac0c4846a4	0	0	1	1	0	0	0	1	0	0
fc7eb420-5c13-20bd-e040-11ac0d484574	1	0	1	0	0	1	0	1	0	0
003819bc-c415-4e76-887c-931d60ed39e7	0	0	0	0	0	0	1	0	0	0
0040b1b6-b07a-4b6e-90ef-133523eaf412	1	0	0	0	0	0	0	0	0	1
00b9d0e6-69dc-4345-bffd-ce32880c8eef	1	0	1	0	0	0	0	1	0	0
02078f77-2b35-4fa3-ab02-2c017181295e	0	0	0	0	0	0	1	0	0	0
0292a46f-a282-4b7f-a7d6-ac55cc7324fb	0	0	0	0	0	0	1	0	0	0
0554ffe5-31f7-43f5-8372-2b73c9cf3527	1	0	0	0	0	0	1	0	0	0
06018aae-1107-4899-bd24-14e6b1f94709	0	0	0	0	0	0	1	0	0	0
0c8f7e63-7a3e-42e8-9408-c5cbd2f52f9d	0	0	0	0	0	0	1	0	0	0
129d2c6c-6688-4b29-bfa7-8df3fe77b25a	0	0	0	0	0	0	1	0	0	0
1358ff92-4db9-4e42-b63a-984a7bea425a	0	0	0	0	0	0	1	0	0	0
15dd024e-c0da-461a-84db-d01e60a22210	0	0	1	0	0	0	1	0	0	0
22578b9f-78dc-464c-9bb9-382f033283d0	1	0	1	1	0	0	0	1	0	0
2468e58c-c623-11e3-bf01-24c6515278c0	1	0	0	0	0	0	0	1	0	1
25e68b09-7d62-4449-a14a-8d09edd96db6	0	0	0	0	0	0	1	0	0	0
28f8d45f-4763-472e-9c4d-6787ba00164b	1	0	1	0	0	1	0	1	0	0
2a5a5840-a834-47a1-b1f4-dc8fed620f5c	0	0	0	0	0	0	1	0	0	0
2c2e5f87-bd22-4a5e-be71-3bcc2aefaf74	0	0	0	0	0	0	1	0	0	0
36160be6-368f-4cdb-b1ee-9ed5b64462fa	0	0	0	0	0	0	1	0	0	0
363d3a59-dce3-408d-a736-5c29ba9f9b6d	0	0	0	0	0	0	1	0	0	0
3935af50-d992-4430-9909-e688347aead9	0	0	0	0	0	0	1	0	0	0
3baecfba-6977-4374-8bc9-22240abad9b5	0	0	0	0	0	0	1	0	0	0
46e503ae-461d-443a-869b-f261c5570de1	0	0	0	0	0	0	1	0	0	0
49900a43-d42e-4052-a8cb-1563b82ad0a0	0	0	0	0	0	0	1	0	0	0
49b26ab5-2ca9-49b1-ae83-573fa41af2cd	0	0	0	0	0	0	1	0	0	0
4d1a4587-adb4-4a65-943e-f19efe8de142	0	0	1	0	0	0	0	1	0	0
4de7441f-a609-4a75-9fe7-17a647079ac1	1	0	1	0	0	0	0	0	0	0
52f2d49e-f24d-41d2-9f73-33bd1cc51bba	0	0	0	0	0	0	1	0	0	0
534d941c-ec2d-47eb-b2dc-d3f856d0b151	0	0	0	0	0	0	1	0	0	0
53ac794d-1067-43e0-8dc0-43b131f43ec5	0	0	0	0	0	0	1	0	0	0
5714b52d-7048-41b5-8141-bf42d960abe4	0	0	0	0	0	0	1	0	0	0
578ba169-1d2f-4187-b174-082bbc6a5bd2	1	0	1	0	0	1	0	1	0	0
57947014-053e-4c34-b6a7-9e6f36f48010	0	0	0	0	0	0	1	0	0	0
6239e340-d50c-45b1-a7ca-e1135671ae0f	0	0	0	0	0	0	1	0	0	0
62ac7c91-da99-4144-b927-e90528dcd8d4	0	0	0	0	0	0	1	0	0	0
67a2e34f-454e-4253-8f22-262fc74d312c	0	0	0	0	0	0	1	0	0	0
69d6142c-3a16-46c9-8bed-1f4edc267c4d	0	0	0	0	0	0	1	0	0	0
6aba73ff-81e0-4f8d-ad12-e3136196e814	0	0	0	0	0	0	1	0	0	0
6e516c4b-fee7-4336-8470-494588e645b3	0	0	0	0	0	0	1	0	0	0
71982a1b-52a4-440f-bd5d-62a0e6cc7fd9	0	0	1	0	0	0	0	1	0	0
73f7718b-f9b1-4a63-a561-0c9cc2abeb9f	0	0	0	0	0	0	1	0	0	0
759d30b2-ddb8-49e2-a604-57ff9222d3a0	0	0	0	0	0	0	1	0	0	0
7625877a-7a2b-466f-944b-9e56689ad47b	0	0	0	1	0	0	0	1	0	0
79e81ab3-5466-4324-9387-2de00d62315c	1	0	1	0	0	1	0	1	0	0
7ac3e543-3bc2-4a59-84fc-b5aa0def592c	0	0	0	0	0	0	1	0	0	0
7f9382a5-f6da-4fe8-93ad-6adc91f508fa	0	0	0	0	0	0	1	0	0	0
86cbb7ad-b22b-414f-a122-77d38c77207d	0	0	0	0	0	0	1	0	0	0
874f64e9-8a0d-4f88-92c4-7e831842b1d1	0	0	1	0	0	0	0	1	0	0
8ce95cae-6adb-4bac-b072-94e2d9b70017	0	0	0	0	0	0	1	0	0	0
8fa7549d-d0a6-4216-9763-74b0f21c0fd7	0	0	0	0	0	0	1	0	0	0
924613ef-8732-4703-a387-136d37b2ba6b	0	0	0	0	0	0	1	0	0	0
94cf1801-a720-4b2f-aab5-0b76c8ccb242	0	0	0	0	0	0	1	0	0	0
955763f0-0735-418f-9ea4-3c980a966002	0	0	0	0	0	0	1	0	0	0
9c949c63-aa63-4a84-ac5a-b5260775cee6	0	0	0	0	0	0	1	0	0	0
a13ee768-1423-4fcc-b663-caaf6694acb3	0	0	0	0	0	0	1	0	0	0
a7fb0931-28df-46f4-bc0f-2011fc91f0e1	0	0	0	0	0	0	1	0	0	0
a92023de-5c97-4bf2-aa3c-0e768d7c5ece	0	0	0	1	0	1	1	0	0	0
aa20b9ab-dba9-4002-ad45-cafa2f85cef7	0	0	1	0	0	0	1	1	0	0
aa2654f4-94f9-487a-b415-85df69261161	0	0	0	0	0	0	1	0	0	0
ad0700e2-048a-4856-a77a-bc0b6f25f0e2	1	0	1	0	0	0	0	1	0	0
b1d2457d-3267-46ba-9fdf-663985e60538	0	0	0	0	0	0	1	0	0	0
b2190e26-1809-4aba-9f45-07c2edb3b4a4	1	0	1	0	0	0	0	0	0	0
b61f7f76-f365-4071-a28d-bf354d5a670d	0	0	0	0	0	0	1	1	0	0
bb66787e-e0b2-45b6-b452-98a6c32132e7	0	0	0	0	0	0	1	0	0	0
bb91765e-4c55-4e7d-93e8-77face8c91f4	0	0	0	0	0	0	1	0	0	0
bc0dee07-de20-44d6-be65-05af7e63ac96	0	0	0	0	0	0	1	1	0	1
bc5160ae-d629-46c4-b068-7075876b9103	0	0	0	0	0	0	1	0	0	0
bea0e802-96d3-46e2-8030-17019a71e0bb	0	0	0	0	0	0	1	0	0	0
c8f61136-0bea-4fb4-bb63-699af7f22146	0	0	0	0	0	0	1	0	0	0
c9ca979d-b3ad-4ff0-92d0-140105413d28	0	0	0	0	0	0	1	0	0	0
cdc2c513-590f-444b-9347-32ba365313a7	0	0	0	0	0	0	1	0	0	0
d1d2932b-f1c4-4080-9b75-dcf1ab0ab217	0	0	0	0	0	0	1	0	0	0
d884d070-6077-4155-9978-76aca7ba1e76	0	0	0	0	0	0	1	0	0	0
da10f77f-4414-4125-b359-de596421cca6	0	0	0	0	0	0	1	0	0	0
dccddb92-bb26-4dc9-a935-2320d089a54a	0	0	0	0	0	0	1	0	0	0
dd8f3e1c-6ed6-41c2-957d-6f679a3cb3ca	0	0	1	0	0	0	0	1	0	0
ddb6c68e-0c90-4bde-a011-523600ce8b29	0	0	0	0	0	0	1	0	0	0
de92d076-24b7-46eb-8df6-56094d264f3b	0	0	0	0	0	0	1	0	0	0
df6b025e-ccb7-4f1a-ba22-1dcf76e6554c	0	0	0	0	0	0	1	0	0	0
e592e8db-b3d1-4ab5-ae0d-de4b5b4c0f1a	0	0	0	0	0	0	1	0	0	0
e68bc7b4-b6b1-4807-b52c-7c7a19cdc373	0	0	0	0	0	0	1	0	0	0
ea83f4e6-d2fa-481e-9e2f-e0489f3cbc93	0	0	0	0	0	0	1	0	0	0
ef76231d-5a21-4bbd-9847-c01be6fe8916	0	0	0	0	0	0	1	0	0	0
f0b46dcd-ce45-4405-8744-8f8b35606b75	0	0	0	0	0	0	1	0	0	0
f4798483-9e32-4e6a-8bb5-6f45af2a8ac5	0	0	0	0	0	0	1	0	0	0
f54d6b6f-3bc2-41dd-81d0-74cf9e1e90e9	0	0	0	0	0	0	1	0	0	0
fc7f8eeb-9c40-123e-e040-11ac0c484061	1	0	0	1	0	0	0	1	0	0
fe4611c2-bd37-4605-adfe-60efe0392b03	0	0	0	0	0	0	1	0	0	0
f82d213f-9843-28eb-e040-11ac0d483e48	1	0	0	0	0	0	0	1	0	0
f854ae3f-356d-f0ad-e040-11ac0c485dae	1	0	0	0	0	0	0	1	0	0
f86b7e84-7040-c751-e040-11ac0c485675	1	0	0	0	1	0	0	1	0	0
f87d7c27-eeef-920e-e040-11ac0d48388d	1	0	0	0	0	0	0	1	0	0
f82d213f-caa7-fd59-e040-11ac0d483e46	0	0	0	0	0	0	0	1	0	0
f82d213f-bc99-5b1d-e040-11ac0c486880	1	0	0	0	0	0	0	1	0	0
f8407106-8a96-8f85-e040-11ac0d481656	1	0	0	0	0	1	0	1	0	0
f8425828-5b0f-23a8-e040-11ac0d484128	1	0	0	0	0	1	0	1	0	0
f8593ac0-9480-22a0-e040-11ac0d48697a	1	0	0	0	0	0	1	1	0	0
f85add3d-e2e6-31f8-e040-11ac0d48479c	1	0	0	0	0	0	0	0	0	0
f86e2d80-911b-7a19-e040-11ac0d486900	1	0	0	0	0	0	0	1	0	0
f83f1eb8-b2c8-c3d6-e040-11ac0c48261e	1	0	0	0	0	0	0	0	0	0
f85ae2b7-cebf-17a2-e040-11ac0c48033a	1	0	0	0	0	1	1	1	0	0
f86975a2-78a4-ef8c-e040-11ac0c4809da	1	0	0	0	0	0	0	1	0	0
f87348df-7186-4c6b-e040-11ac0c482ba9	1	0	0	0	0	0	0	1	0	0
f87eb1b5-1712-ca1f-e040-11ac0c483848	1	0	0	0	0	0	0	0	0	0
fc968a86-32e3-ee88-e040-11ac0d487adb	1	0	0	0	0	0	0	0	0	0
fc969f27-bdc6-cd03-e040-11ac0c48577e	1	0	0	0	0	0	0	0	0	0
fc975588-6e70-b496-e040-11ac0c484689	1	0	0	0	0	0	0	0	0	0
f866123a-9eb0-e856-e040-11ac0c48717e	1	0	0	0	0	1	0	0	0	0
f87e94a9-ef37-fcba-e040-11ac0c482332	1	0	0	0	0	1	0	1	0	0
f82d213f-9ba5-7b6b-e040-11ac0c486882	1	0	0	0	0	0	0	0	0	0
f82d2146-70f5-8114-e040-11ac0d483e50	1	0	0	0	0	0	0	1	0	0
f860bc4c-f31b-6538-e040-11ac0c48268f	1	0	0	0	0	0	1	1	0	0
f86ae246-2492-9785-e040-11ac0d4813b0	1	0	0	0	0	0	1	0	0	0
f86b6ba2-8f4b-ee53-e040-11ac0d485904	1	0	0	0	0	0	1	0	0	0
f841c488-6b8d-6645-e040-11ac0c481418	0	0	0	0	0	0	0	1	0	0
fc950c33-faa4-0241-e040-11ac0c486786	0	0	0	0	0	0	0	1	0	0
fc962061-8ab0-42b3-e040-11ac0c4810cc	0	0	0	0	0	0	0	1	0	0
f843ed5c-0336-3d33-e040-11ac0d48478c	0	0	0	0	0	0	1	0	0	0
fc8130df-90ba-5d94-e040-11ac0d485e0c	0	0	0	0	0	1	0	1	0	0
fc8130e0-0f1a-b6eb-e040-11ac0c48328f	0	0	1	0	0	1	0	1	0	0
fc8130e0-a38a-23b9-e040-11ac0c48327f	0	0	0	1	0	1	1	1	0	0
fc8130e0-a538-dda3-e040-11ac0c483264	0	0	0	0	0	1	1	1	0	0
fc813235-5ed8-7695-e040-11ac0d485e3e	1	0	1	0	0	1	1	1	0	0
fc9f6916-da31-ab17-e040-11ac0c4808f3	1	0	0	0	0	1	0	0	0	0
f393baf9-2710-9203-e040-11ac0d484504	0	0	1	0	0	0	0	1	0	1
f393bb01-6ed7-9533-e040-11ac0d484521	1	0	1	0	0	0	0	1	0	0
f393bb05-ec1c-17be-e040-11ac0d48452f	1	0	1	0	0	0	0	0	0	0
f393bb07-270c-2c93-e040-11ac0d484533	1	0	1	0	0	0	0	0	0	0
f393bb08-4121-cad8-e040-11ac0d484535	1	0	1	0	0	0	1	0	0	0
f393bb0b-08ed-3335-e040-11ac0d484554	1	0	1	0	1	0	0	1	0	0
fc5dc6d8-62d2-76d8-e040-11ac0d4863c3	1	0	1	1	0	0	0	1	0	0
fc63cbab-d27a-5ebb-e040-11ac0c48724f	0	0	1	0	0	0	0	1	0	0
fc68e599-6a40-61dc-e040-11ac0d48700d	1	0	1	0	0	0	1	1	0	0
fc8130e0-08dd-b996-e040-11ac0c48327b	0	0	1	0	0	1	0	0	0	0
fc8130e5-18b8-ef38-e040-11ac0c483297	1	0	1	0	0	0	0	0	0	0
fc8130e0-0fde-b756-e040-11ac0c48328b	0	0	0	1	0	1	1	0	0	0
f393bb08-5b50-e009-e040-11ac0d484537	1	0	0	0	0	0	1	0	0	0
f7d70fac-c76f-399e-e040-11ac0c482f9c	1	0	0	0	0	0	0	1	0	0
f7e4a2a8-093d-9e36-e040-11ac0d480c7d	1	0	0	1	0	0	0	0	0	0
f7e7b258-b4b2-e6c5-e040-11ac0d486773	1	0	0	0	0	0	1	1	0	0
f7fdda4f-7bf7-ede7-e040-11ac0c486e57	1	0	0	0	0	0	1	1	0	0
fc447d53-24d1-c83d-e040-11ac0c4846a6	1	0	0	0	0	0	0	1	0	0
fc8130df-1bc2-c537-e040-11ac0d485de6	1	0	0	0	0	1	0	0	0	0
fc8130df-35ac-2304-e040-11ac0d485dda	1	0	0	1	0	0	0	0	0	0
fc8130df-6977-7704-e040-11ac0d485de4	1	0	0	0	0	1	0	0	0	0
fc8130df-8e4e-586b-e040-11ac0d485e08	1	0	0	1	0	0	1	0	0	0
fc8130e0-0b9c-bbc9-e040-11ac0c483266	1	0	0	0	0	0	0	0	0	0
fc8130e0-a774-d834-e040-11ac0c483268	1	0	0	0	0	0	0	1	0	0
fc93b9ab-760a-5223-e040-11ac0c482177	1	0	0	0	0	0	0	1	0	0
fc8130e0-09f1-b964-e040-11ac0c48326e	1	0	0	0	0	1	0	1	0	0
fc8130e0-0e1f-b54d-e040-11ac0c48326c	0	0	0	0	0	1	0	1	0	0
fc9f6cb0-ceb9-790d-e040-11ac0c480ad1	0	0	0	0	0	0	1	1	0	0
f393bb0a-9b20-a0e5-e040-11ac0d48454e	1	0	0	0	0	1	1	1	0	0
f393cfd8-ddbb-a0e1-e040-11ac0d48516b	0	0	0	0	0	0	1	0	0	0
f7b84b5d-8f28-e6b7-e040-11ac0c484704	0	0	0	0	0	1	1	0	0	0
f7d128d2-3964-e3bc-e040-11ac0d481667	0	0	0	0	0	0	1	0	0	0
fc8edf46-2005-1af4-e040-11ac0d481414	0	0	0	1	0	0	1	1	0	0
fca6150f-d555-a29e-e040-11ac0d4873b2	1	0	0	0	0	1	0	1	0	0
fc447d55-95d8-0b34-e040-11ac0d483afa	1	0	0	0	0	1	0	1	0	0
fc447d56-0d53-e0c3-e040-11ac0c4846a8	1	0	0	0	0	1	0	1	0	0
fc8130df-30a5-3e6a-e040-11ac0d485de2	0	0	0	0	0	1	0	0	0	0
fc8130e0-096a-b991-e040-11ac0c48327d	0	0	0	0	0	1	0	0	0	0
fc8130e0-a39a-23b5-e040-11ac0c483270	0	0	0	1	0	1	0	0	1	0
fc8130e3-01ba-c740-e040-11ac0c483291	1	0	0	0	0	1	0	0	0	0
f7f3e156-0dde-72b9-e040-11ac0d48542c	1	0	0	0	0	0	0	1	0	0
f393bb0c-3ffa-cb72-e040-11ac0d48455c	1	0	0	0	0	1	1	0	0	0
f809247c-2bab-ab06-e040-11ac0d482b8a	1	0	0	0	0	0	0	0	0	0
fc78685a-7053-152a-e040-11ac0c480ded	1	0	0	0	0	1	0	1	0	0
fc8130df-6860-7677-e040-11ac0d485ddc	1	0	0	0	0	1	0	0	0	0
f393bb05-53c2-f80a-e040-11ac0d484528	0	0	0	0	0	1	1	0	0	0
fc8130df-2d5f-3b53-e040-11ac0d485dee	0	0	0	1	0	0	1	1	0	0
0bfd1068-3fd3-a95b-e050-11ac0c4860c3	0	0	0	0	0	1	0	1	0	0
008bad10-d41b-4bbb-86fa-9976ecea46b1	1	0	0	0	0	1	0	1	0	0
44083f54-0953-48e3-a704-11ad0988ad2e	1	0	0	0	0	0	0	0	0	0
bc9f105f-6d99-44ac-9871-67defd5e85cd	1	0	0	0	0	1	0	0	0	0
0bfd1068-3fc5-a95b-e050-11ac0c4860c3	0	0	0	0	0	1	0	1	0	0
0bfd1068-3fcf-a95b-e050-11ac0c4860c3	0	0	0	0	0	1	0	1	0	0
126ee433-d345-4cac-882a-c91831a24690	0	0	0	0	0	1	0	1	0	0
145f2b89-8878-4390-b0f6-f09b02fb138a	0	0	0	0	0	1	0	0	0	0
186cacaf-4f20-4ad2-a07a-a7dc942a70b0	0	0	0	0	0	1	0	0	0	0
1bbfe6f2-ad19-4d29-895b-973f5a91c707	0	0	0	0	0	1	0	1	0	1
1d91f9c7-67ba-4606-9f0a-01ec6fc08262	0	0	0	0	0	1	0	0	0	0
306ef5bc-97d0-4312-ae0e-343c4e31d869	1	0	0	0	0	1	0	0	0	0
32d8c373-b5c8-420b-9808-8812b5501649	0	0	0	0	0	1	0	0	0	0
36962459-e81f-4b8c-a08d-df60ef3283a3	1	0	0	0	0	1	0	0	0	0
41027c0b-85af-4c78-bba0-0da63cd75fa9	1	0	0	0	0	1	0	1	0	0
42a548f0-d86a-4273-8bda-be0fe6a53b20	0	0	0	0	0	1	0	0	0	0
43b675e0-22e0-42d6-a060-afc93e22ac95	0	0	0	1	0	1	0	0	0	1
45d0ccb2-641f-4348-b3a8-61f4113cd85b	0	0	0	0	0	1	0	0	0	0
475bca00-9089-4f50-8638-4e5e8aca6dcd	0	0	0	0	0	1	0	0	0	0
4b44b313-6f74-4233-bec4-7e41c91c77f1	0	0	0	0	0	1	0	0	0	0
51adf6cf-f422-4d7e-aa46-cc9bf0ef8693	1	0	0	0	0	1	0	1	0	0
59938f45-3e57-43d6-af3b-bb4968249e5a	0	0	0	0	0	1	0	0	0	0
61973578-4c0d-4a3f-b9c4-f96ceab24629	0	0	0	0	0	1	0	0	0	0
6218f366-d5d2-4289-a95e-eeedfae7523a	0	0	0	0	0	1	0	0	0	0
6947cd78-0a51-4949-8383-343f9122d953	0	0	0	1	0	1	0	0	0	0
7181dd10-1371-4cb6-9219-a9542c62b854	0	0	0	0	0	1	0	1	0	0
783579bd-e29d-457c-8236-1a80b557600c	0	0	0	0	0	1	0	0	0	0
79914ce9-04d8-4b0d-9f16-2e528044966e	1	0	0	0	0	1	0	0	0	0
7dd2dc62-0eb4-4d45-86f1-e9e9377181ca	0	0	0	0	0	1	0	0	0	0
7fe96e71-436d-49d4-9e47-e104e1203568	0	0	0	0	0	1	0	0	1	0
84ae4dd8-f661-46aa-9892-69742e2f3542	0	0	0	0	0	1	0	0	0	0
86874a67-aa86-45f1-be32-3b2722ebedec	0	0	0	0	0	1	0	1	0	0
887616c5-06a7-4e83-948c-3546202349fb	1	0	0	0	0	1	0	0	0	0
8bbe4006-be0a-4cd5-91f6-529100d4f06e	0	0	0	0	0	1	0	0	0	0
8c0a7dfa-6ec3-4262-b718-c3605722df37	0	0	0	0	0	1	0	0	0	0
a1af7c42-47af-435c-bb51-b932a3cd7b91	0	0	0	0	0	1	0	1	0	0
a6d8467e-88e3-4ea5-8583-61c5ab9747ae	0	0	0	0	0	1	0	1	0	0
b2ec0fd0-fbcf-4abc-ad80-4ae444e30b55	0	0	0	0	0	1	0	1	0	0
b3f1d232-4392-4258-9256-d38ff4b59f94	1	0	0	0	0	1	0	0	0	0
bb02202f-d140-4bec-95ce-5c2b117a2167	0	0	0	0	0	1	0	0	0	0
beafb7c6-ef39-478e-aa47-0f1ad39f95a3	0	0	0	0	0	1	0	1	0	0
caf2e99d-8f1f-4043-b567-c3fe28dc33ac	0	0	0	0	0	1	0	0	0	0
cd0c3b1f-c73a-4991-8724-4e74381900cb	0	0	0	0	0	1	0	0	0	0
dbfdb5c6-f52e-48f3-87e7-fb922df9e7a9	0	0	0	0	0	1	0	0	0	0
dc85552c-2488-48d9-9da1-67a380945b85	1	0	0	0	0	1	0	0	0	0
dcc938da-3e45-4c2f-ae0f-47817be04518	0	0	0	0	0	1	0	0	0	0
f7cc504a-37c9-45f5-b50d-599c54dca157	1	0	0	0	0	1	0	0	0	0
f9c0a08b-d1e5-4c18-e040-11ac0c4864df	1	0	0	0	0	1	0	0	0	0
f9c39eb7-39a9-6626-e040-11ac0d4870c2	1	0	0	0	0	1	0	1	0	0
fc9d5fc6-7f7d-1313-e040-11ac0d485f85	0	0	0	0	0	1	0	0	0	0
008aef39-0c97-48ce-9dfd-f12d67116c59	1	0	0	0	0	0	0	0	0	0
089be98d-c3c9-4fb4-aef2-7a8578a91d51	1	0	0	0	0	0	0	1	0	0
0bfd1043-8181-e3e4-e050-11ac0c4860c5	1	0	0	0	0	0	0	0	0	1
0bfd1068-3fd8-a95b-e050-11ac0c4860c3	1	0	0	0	0	0	0	1	0	0
2c9c50ff-01d9-4703-931b-04119178706f	1	0	0	0	0	0	0	0	0	0
3c92c0e9-68e0-4354-8ed1-b6506878145d	1	0	0	0	0	0	0	0	0	0
48c33a30-557b-4ecf-8066-5b4b068b5e3a	1	0	0	0	0	0	0	0	0	0
551d5082-ab6a-4674-af0d-ce408f589949	1	0	0	0	0	0	0	0	0	0
61a48c69-4f7d-4dc6-aff7-88a6c33137df	1	0	0	0	0	0	0	0	0	0
7ae9b843-488f-459c-8c0d-c81dcae57f99	1	0	0	0	0	0	0	0	0	0
98f54445-b151-4aeb-b8cf-91d743ba066e	1	0	0	0	0	0	0	1	0	0
c08f65a0-bf4c-462e-9d07-ad56b3adcac8	1	0	0	0	0	0	0	0	0	0
d1cebf4a-4127-47ee-85cb-465fca2ac445	1	0	0	0	0	0	0	0	0	0
d277e679-9fdd-44cd-9f2c-f9927e44d721	1	0	0	0	0	1	0	0	0	0
f1534b2a-5350-442c-bb9d-8c7142668d31	1	0	0	0	1	0	0	0	0	0
f5378545-17d4-4a64-a57e-f6c91ef4cb3a	1	0	0	0	0	0	0	0	0	0
f9c0a0d9-5af6-4476-e040-11ac0d4830d3	1	0	0	0	0	0	0	0	0	0
f9c26646-d2b0-cf30-e040-11ac0d483918	1	0	0	0	0	0	0	0	0	0
f9c3eaad-a0d9-8bf8-e040-11ac0d481d8e	1	0	0	0	0	0	0	0	0	0
f9c650e7-9053-78eb-e040-11ac0d4874bb	1	0	0	0	0	0	0	0	0	0
0bfd1043-70fb-d2dc-e050-11ac0c4860cb	1	0	0	0	0	0	0	1	0	0
0ed2e2e1-2fe3-43eb-8cad-34f3f21a7169	0	0	0	0	0	0	0	1	0	0
108b67d4-5d66-46da-8675-6acae643b76f	0	0	0	0	0	0	0	1	0	0
131332b2-ff51-4bd7-a626-aff2ecea6135	0	0	0	0	0	0	0	1	0	0
1be81ade-7ad6-4e7e-90d0-f986b3fb0a25	0	0	0	0	0	0	0	1	0	0
39aee9fc-fa27-4b71-b9e8-43ff34bd3930	0	0	0	0	0	0	0	1	0	0
3e86e68b-d083-4450-b056-4cd0f8d4a084	0	0	0	0	0	0	0	1	0	0
41c565a9-d44a-447f-85c0-98f23bfee1b3	0	0	0	0	0	0	0	1	0	0
54319e3d-c28f-4ba1-9c87-299d303e4de3	0	0	0	0	0	0	0	1	0	0
59c18694-8a43-41dd-a6f6-52a20bc8dd54	0	0	0	0	0	0	0	1	0	0
5c8da06c-7964-4ad1-ac9e-d1b5507105d2	0	0	0	0	0	0	0	1	0	0
61d941f1-87df-43af-8a29-b6809c809275	0	0	0	0	0	0	0	1	0	0
836ec5a5-e385-4236-83e7-2641ee35db7f	0	0	0	0	0	0	0	1	0	0
b4aea804-fc6e-4d58-906f-f3a932ca9dc5	0	0	0	0	0	0	0	1	0	0
c14b2c74-447b-4526-a6e9-415d2728c7ca	0	0	0	0	0	0	0	1	0	0
d0f4dd92-a63b-4766-8889-5327fca1bd91	0	0	0	0	0	0	0	1	0	0
f9c23ce8-7f1c-9417-e040-11ac0d482562	0	0	0	0	0	0	0	1	0	0
fc9d93b6-92e8-acb7-e040-11ac0d487dee	0	0	0	0	0	0	0	1	0	0
0250e6f7-2538-4d1f-a8ff-ca34a7057dde	1	0	0	0	0	1	1	1	1	1
0ef92ff8-829f-425a-91d8-c594b6e22a2b	1	0	0	0	0	0	1	1	0	0
60525b38-c34b-479b-86d3-013c7e567b8f	1	0	0	0	0	0	1	0	0	0
7d2da7ba-f57c-4083-9572-6fa98008083b	1	0	0	0	0	1	1	1	1	1
cb381d49-4546-400c-af02-f877083caa0a	0	0	0	0	0	0	1	1	1	0
e7a0889c-dd8c-4230-9c63-384f1f6ee577	0	0	0	0	0	0	1	1	0	0
f0a33adc-ea90-46ef-a24a-a8d7e4e15db3	0	0	0	0	0	0	1	1	1	0
2e69c886-535b-4ff0-9236-abf6799acdbd	1	0	0	1	0	0	0	1	0	1
35dc84c1-476c-4d48-ae23-622bf6e043ac	1	0	0	0	0	0	0	1	0	1
371235d9-55b8-40a7-8cd6-baa7c2ad0493	1	0	0	0	0	0	0	1	0	0
3b590d75-ccfb-4da8-a2e9-10fb07e02cea	1	0	0	0	0	0	0	1	0	0
6a0d0c42-1884-4c6a-936a-678a822c0936	1	0	0	0	0	1	0	1	0	0
926a04de-ef57-4271-91db-e90de8aa8a1a	1	0	0	0	0	0	0	1	0	0
abe290ed-67c8-42bb-84f7-0d32a5f8f3db	1	0	0	0	0	0	0	0	0	0
15e7d981-8c27-4b2b-b4f8-626e22021895	1	0	0	0	0	0	1	1	0	0
42629ae0-9410-4fac-8df1-2c276467deb5	0	0	0	0	0	0	1	1	0	0
9ae33a63-6b1a-43bf-9205-463c867bcbc4	1	0	0	0	0	0	1	1	0	0
a1e3dc5b-b81f-4890-870c-ed3b8ac36dec	1	0	0	1	0	0	1	0	0	0
b53dcb4d-f894-47b8-8a4e-17c7998d8120	0	0	0	0	0	1	1	1	0	1
ce799e7b-30e7-44a5-a185-3e50d5e059ef	1	0	0	1	0	0	1	1	1	0
2b41746a-95c0-4875-afb5-c6d3d3ad30d9	0	0	0	0	0	0	1	1	1	1
6495e68e-1434-45d3-a03d-f286447dda79	1	0	0	0	0	0	1	1	0	0
7f94d650-41b9-4664-bcde-dc8533e4602d	1	0	0	0	0	0	1	1	0	0
8e48aa43-6cd1-4aef-83ce-2451b1b86e8e	1	0	0	0	0	0	1	1	0	0
96a2896c-1e32-4827-a526-6b7104832f9a	1	0	0	1	0	0	1	0	0	0
a284fe9d-9afd-4472-8d70-243ca9be5c2c	0	0	0	0	0	0	1	1	0	0
a37a825c-d74e-46cc-92ef-b65016857b4a	1	0	0	0	0	1	1	1	0	0
d707940e-0f9d-4da3-9380-90a422e44efd	1	0	0	0	0	0	1	1	0	0
de581588-be15-4bf4-95d1-aa5478b53ab6	0	0	0	0	0	0	1	1	0	0
1f967003-82d6-4932-a445-24fc25723594	1	0	0	0	0	0	1	1	0	1
28e81540-4744-4865-b627-c7c9d8a3c2b8	1	0	0	0	0	0	0	1	0	0
293a2f0a-4846-4c7c-b8b1-bb741c8d3275	1	0	0	0	0	0	0	1	1	1
569393c8-e2fe-4580-a45b-81f1b1e01135	1	0	0	0	0	1	0	1	0	1
64623aaa-a274-4baa-8b71-958d9c8df733	1	0	0	0	0	1	0	1	0	1
708e21ac-f529-4461-bc4f-d3a194a92b80	1	0	0	0	0	0	0	1	1	0
b757a040-3c9e-45e7-a045-9cd08db11d62	1	0	0	0	0	1	0	1	0	0
1bb2bdb7-8a89-4e7d-903d-03a6f8018efb	1	0	0	0	0	0	0	1	0	0
27b56bf2-7a9d-4061-98d4-61fe2761578c	1	0	0	0	0	1	0	1	0	0
31f3ff14-7d74-447c-a5da-9ad8336c3f3f	1	0	0	0	0	0	0	1	1	0
35eb6ecf-9514-4416-94b1-02200c0a1571	1	0	0	0	0	1	1	1	0	0
384ef419-ee94-4563-9237-236fddeb4b64	1	0	0	0	0	0	0	1	0	0
3a551616-4840-4111-a8c5-b4aa773d82c2	1	0	0	0	0	1	0	1	0	0
48a0da38-8147-40fe-b683-3f070413a792	1	0	0	0	0	1	0	1	0	0
532bec86-b8d3-41a1-ba17-913a7d378f66	1	0	0	0	0	0	0	1	0	0
69c3c88c-d51e-4e03-b96b-ec4f1a0faa2d	1	0	0	0	0	0	0	1	0	1
9ba6be6d-2032-444b-ab3c-dbee8023759d	1	0	0	0	0	0	1	0	1	0
9bb9164e-ea1b-49ab-bbcc-f59cf8c32345	1	0	0	0	0	1	0	1	1	0
9c00828e-e9ae-4b9c-959e-34837ee2b230	1	0	0	0	0	0	0	0	0	0
9de495d1-55b2-4535-9b0a-a999df35977c	1	0	0	0	0	0	0	1	0	0
ad4aa4dc-bea4-4f4a-8b1b-8f361112f84f	1	0	0	0	0	0	0	0	0	1
b8f3137e-5e92-4a56-90d4-884a4ed2ef9c	1	0	0	0	0	0	0	1	0	0
b9bcba3a-c9be-4305-b5f4-c861282921e0	1	0	0	0	0	0	0	1	0	1
bb5bedd3-d8fc-4739-8e6b-9e37223f8be2	1	0	0	0	0	0	0	1	0	0
cb753e6f-5ea3-4b58-9db3-7a62d15c8b2e	1	0	0	0	0	0	0	1	0	0
d1842491-29ff-4801-8c8a-4d619f749dd1	1	0	0	0	0	0	0	1	0	0
ded8b673-53df-4038-a375-7cd0fd2a1b9f	1	0	0	0	0	0	1	0	0	1
dfde4013-9062-42f5-a42b-626ef8334a41	1	0	0	0	0	0	0	1	0	0
f2e639cc-c30c-459f-8afc-7ace7d0209c5	1	0	0	1	0	0	0	1	0	1
33992441-4f34-42f2-ba87-6ddd227f2250	0	0	0	0	0	1	0	0	1	0
3e6a17f9-c249-41b6-ba49-55aaa39d21c5	0	0	0	0	0	1	0	1	1	0
8ff9b1b6-a498-47fe-a970-ab7cfb64e653	0	0	0	0	0	1	0	1	0	0
a08c196e-4f96-4b16-94b4-aa6a0153ac50	0	0	0	0	0	1	0	1	0	0
ec474dfa-527c-44f3-9224-bf1c858cabfc	0	0	0	0	0	1	1	1	1	0
5fd632ea-085e-4e9b-8dcc-ec94e492d3bf	1	0	0	0	0	1	0	1	1	0
7adcea71-1aed-450c-b0ff-b9d9820c6153	0	0	0	0	0	0	1	1	1	1
0e54cea2-d568-4a33-b9db-b698844e6ad9	1	0	0	0	0	0	1	0	0	0
25f07374-313a-4100-9a60-3d21d2988fca	1	0	0	0	0	0	1	1	1	0
4dc9b032-7f7b-486d-a12b-8461af89501d	1	0	0	0	0	0	0	1	0	0
7eb0f792-858f-45d1-a908-125b02ea1506	1	0	0	0	0	0	0	1	0	0
8867bdef-3a8d-433e-b10f-d752e2cbb022	1	0	0	0	0	0	0	0	0	0
7b482f46-adcc-48ae-a4d6-17f4edd998dc	0	0	0	0	0	0	1	0	0	0
1a391468-fbf3-451a-b88e-a257a26d047f	1	0	0	0	0	0	1	1	0	0
68509ede-3dcf-4a6e-9af0-4a9bb4dfa567	1	0	0	0	0	0	0	0	0	0
7e036d40-b669-4929-a1e2-c4736e01a473	1	0	0	0	0	1	0	1	0	0
81c7a8c1-8a6a-4e78-a72c-f7c021c67ff7	1	0	0	0	0	0	0	0	0	0
bd2f8133-3e71-4c5e-998f-0c1a9fdfb75f	1	0	0	0	0	1	0	1	0	0
d7f8e1f3-a9a7-4929-92df-1283bac815d2	1	0	0	0	0	1	1	1	0	0
eda1d8d9-e8f5-46f2-bb16-15d0b10c2cf9	1	0	0	0	0	0	0	0	0	0
0f9e70b3-24cf-4d76-af7b-84ace66ec5a7	1	1	0	0	0	0	1	1	1	0
1ff155dd-deb4-44e0-b3a2-e4875b618435	1	1	0	1	0	0	0	1	1	0
1fdab6a6-7346-4229-aa8d-5dbd258f0c60	1	1	0	0	0	1	0	1	0	0
e2e6a409-b64d-463c-ac3b-e7987a3124f0	0	1	0	1	0	0	1	1	0	0
fb8b5ff5-4164-4276-b75b-b0ee6bda7329	1	1	0	0	1	1	0	0	0	0
bcc819eb-f4d8-4ddc-9fdc-a6307fb6741b	1	0	0	0	0	0	0	0	0	0
c298ec82-8305-4c89-898f-268308f782b2	1	0	0	0	0	0	0	1	0	0
c8f64a71-e545-4eb6-9da3-2d43ae0c2627	1	0	0	0	0	0	0	0	0	0
f9a81200-5381-496a-8062-099f9e793618	1	0	0	0	0	0	0	0	1	0
f4baf913-c4ac-46f3-83b6-306b9182207d	0	0	0	0	0	1	1	0	0	0
1b06afe2-c623-11e3-bf01-24c6515278c0	1	0	0	0	0	0	1	0	0	0
1df8939c-c622-11e3-bf01-24c6515278c0	0	0	0	0	0	0	1	1	0	1
4b8943be-c623-11e3-bf01-24c6515278c0	0	0	0	0	0	0	1	1	0	0
94431626-c622-11e3-bf01-24c6515278c0	1	0	0	0	0	1	1	1	0	0
a3914a6c-c622-11e3-bf01-24c6515278c0	0	0	0	0	0	0	1	0	0	0
b77543e4-c622-11e3-bf01-24c6515278c0	0	0	0	0	0	0	1	0	0	1
c158ac2a-c622-11e3-bf01-24c6515278c0	0	0	0	0	0	0	1	0	0	0
32be40fa-c623-11e3-bf01-24c6515278c0	1	0	0	1	0	0	0	0	1	0
4ed52e0c-c623-11e3-bf01-24c6515278c0	1	0	0	0	0	0	0	1	0	0
50b61288-1412-4104-92e6-8b1a359ef399	1	0	0	0	0	0	0	1	0	1
52d8ccfc-c623-11e3-bf01-24c6515278c0	1	0	0	0	0	0	0	0	0	0
5c9b8a2c-c623-11e3-bf01-24c6515278c0	1	0	0	0	0	0	0	0	0	0
6c306cbe-c623-11e3-bf01-24c6515278c0	1	0	0	0	0	0	0	1	1	0
80ebcecc-4a7a-40dd-914c-f0648a58095f	1	0	0	0	0	0	0	1	0	0
8b0c4c91-2d07-4a9b-97a1-d2bda003437e	1	0	0	0	0	0	0	1	0	0
8d7592e2-c622-11e3-bf01-24c6515278c0	1	0	0	0	0	0	0	0	0	0
9563a264-c622-11e3-bf01-24c6515278c0	1	0	0	0	0	0	0	0	0	0
a2a67c8a-c622-11e3-bf01-24c6515278c0	1	0	0	0	0	0	0	0	0	0
a7314730-c622-11e3-bf01-24c6515278c0	1	0	0	0	0	0	0	1	0	0
b421b9ca-c622-11e3-bf01-24c6515278c0	1	0	0	0	0	0	0	1	0	0
b55751c4-c622-11e3-bf01-24c6515278c0	1	0	0	0	0	1	0	1	0	0
e9445993-854d-44fc-a063-eacf70222fdf	1	0	0	0	0	1	0	1	0	1
4c8afa82-c623-11e3-bf01-24c6515278c0	1	0	0	0	0	0	0	1	0	0
760881cc-c623-11e3-bf01-24c6515278c0	1	0	0	1	0	1	1	1	1	1
2109e1d4-c623-11e3-bf01-24c6515278c0	1	0	0	0	0	0	0	0	0	0
2584b428-c623-11e3-bf01-24c6515278c0	1	0	0	0	0	0	0	0	0	0
33a8693c-c623-11e3-bf01-24c6515278c0	1	0	0	0	0	0	0	0	0	1
4255582e-c622-11e3-bf01-24c6515278c0	1	0	0	0	0	1	0	0	0	1
43206cb7-787d-4f68-8019-55e8585c4b4d	1	0	0	0	0	0	0	0	0	1
47050918-c623-11e3-bf01-24c6515278c0	1	0	0	0	0	0	0	0	0	1
4f6f48bc-c622-11e3-bf01-24c6515278c0	1	0	0	0	1	0	0	1	0	0
4fdc8980-c623-11e3-bf01-24c6515278c0	1	0	0	0	0	0	0	0	0	1
558239c7-a160-4228-8fdf-a0a1d2f62133	1	0	0	0	0	0	0	1	0	0
56d4ea48-c623-11e3-bf01-24c6515278c0	1	0	0	0	0	0	0	0	0	1
5bb37ffc-c623-11e3-bf01-24c6515278c0	1	0	0	0	0	0	0	0	0	1
5e9c69d2-c622-11e3-bf01-24c6515278c0	1	0	0	0	0	0	0	0	0	0
6e26f98e-c623-11e3-bf01-24c6515278c0	1	0	0	0	0	0	1	0	0	0
7789ef18-c623-11e3-bf01-24c6515278c0	1	0	0	0	0	1	1	1	1	0
77bf9514-88da-473b-9a91-f669ef3cd343	1	0	0	0	0	0	0	0	0	0
79b23f34-c623-11e3-bf01-24c6515278c0	1	0	0	0	0	1	0	0	0	0
7eac4710-c622-11e3-bf01-24c6515278c0	1	0	1	0	0	0	0	1	0	1
82aefe8e-c622-11e3-bf01-24c6515278c0	1	0	0	0	0	0	0	0	0	1
850389d4-c622-11e3-bf01-24c6515278c0	1	0	0	1	0	0	0	0	0	1
8cf713ff-256b-4411-a1b4-5bf6f445b747	1	0	0	0	0	0	0	0	0	1
a846f5e8-c622-11e3-bf01-24c6515278c0	1	0	0	0	0	0	0	1	0	0
aabddb20-c622-11e3-bf01-24c6515278c0	1	0	0	0	0	1	0	0	0	0
b994762c-c622-11e3-bf01-24c6515278c0	1	0	0	0	0	0	0	0	0	0
c021b61c-c622-11e3-bf01-24c6515278c0	1	0	0	0	0	0	0	1	0	0
c271b7d2-c622-11e3-bf01-24c6515278c0	1	0	0	0	0	1	0	0	0	0
c488a170-c622-11e3-bf01-24c6515278c0	1	0	0	0	0	0	0	0	0	0
cb86fbb6-c622-11e3-bf01-24c6515278c0	1	0	0	0	0	0	1	0	0	1
da5b9926-c622-11e3-bf01-24c6515278c0	1	0	0	0	0	1	0	0	0	0
69f37546-c622-11e3-bf01-24c6515278c0	0	0	0	0	0	1	0	1	1	0
d60f880a-c622-11e3-bf01-24c6515278c0	0	0	0	0	0	1	0	1	0	0
0cdbabf2-c623-11e3-bf01-24c6515278c0	1	0	0	0	0	0	0	0	0	0
0eeafcd6-c623-11e3-bf01-24c6515278c0	1	0	0	0	0	0	0	0	0	0
19085f7d-e6a6-406f-bd09-520a27e0283d	1	0	0	0	0	0	0	1	0	0
35e33a7a-c622-11e3-bf01-24c6515278c0	1	0	0	0	0	0	0	0	0	0
380593d8-c623-11e3-bf01-24c6515278c0	1	0	0	0	0	0	0	0	0	1
38d8e626-c622-11e3-bf01-24c6515278c0	1	0	0	0	0	0	0	0	0	0
45aedf22-c622-11e3-bf01-24c6515278c0	1	0	0	1	1	0	0	1	0	1
4f1fc78e-733d-4c6e-86b2-dbe1f98c141d	1	0	0	0	0	0	0	0	0	0
532259b8-c622-11e3-bf01-24c6515278c0	1	0	0	1	0	0	1	0	0	1
5769ae11-5f1b-483f-b228-7584591c66e6	1	0	0	0	0	0	0	0	0	0
6f395380-c623-11e3-bf01-24c6515278c0	1	0	0	0	0	1	0	1	1	0
8a2580c3-9c89-4cb0-b94d-3eca15dac1c3	1	0	0	0	0	0	0	1	0	0
a4ca18dc-c622-11e3-bf01-24c6515278c0	1	0	0	0	0	1	0	1	0	0
ba940092-c622-11e3-bf01-24c6515278c0	1	0	0	0	0	0	0	0	1	1
ca5ded1c-c622-11e3-bf01-24c6515278c0	1	0	0	0	0	0	0	0	0	1
d7578910-c622-11e3-bf01-24c6515278c0	1	0	0	1	0	0	0	0	0	1
f0768c67-f38c-40a8-8f27-81a927fb5dca	1	0	0	0	0	0	0	0	0	0
f181848a-c622-11e3-bf01-24c6515278c0	1	0	0	0	0	0	0	0	0	0
f4025b40-a249-487f-8e93-7a140bcf57c1	1	0	0	0	0	0	0	0	0	1
f8733b80-c622-11e3-bf01-24c6515278c0	1	0	0	0	0	0	0	1	0	0
3433b1f3-59d1-4ac2-9bbf-e0c4042b4ddc	1	0	0	1	0	0	1	0	0	0
4e8396f7-9506-4401-96b6-bb2e89557d59	0	1	0	1	0	0	1	0	0	1
ca004926-f3ac-4824-8ed5-d84e62efdfae	1	0	0	1	0	0	1	1	0	0
eb9a8f12-6451-43cc-95b3-2e86cf704c96	1	0	0	1	0	0	0	0	0	0
7edc42d3-d08e-4360-a3e1-aeb57cfc6640	1	0	0	0	0	1	1	0	0	0
9e0009d1-c993-4247-9706-88ee84591dec	0	0	0	0	0	0	1	1	0	0
16d5519e-ecb9-4fc8-81f1-e0e4adf722a8	1	0	0	0	0	1	1	1	0	0
1cd0acf2-3116-4dfa-a063-0a435b9f6da3	1	0	0	0	0	0	0	0	0	0
20e02396-e676-412d-9724-44a428919cdb	1	0	0	0	0	0	1	0	0	0
351db483-a70e-496d-b70a-7449875121ee	1	1	0	0	0	0	1	0	0	0
35a74e53-16ff-4764-8397-6a9b02dfe733	1	1	0	0	0	0	0	0	0	0
58d3e932-b4a3-4cac-a6ac-73160e354a15	1	0	0	0	0	0	0	0	0	0
897ba508-d74b-46bf-8554-1210a66a36d1	1	0	0	0	0	0	1	0	0	0
ead1bc2e-42c3-46d9-8f6f-8cb16ba9d2c3	1	1	0	0	0	0	1	0	0	0
1ac15380-04a2-42dd-8ade-28556a570e80	1	0	0	0	0	0	0	1	0	0
25103371-28ac-4f43-b0e2-2d376d0dcb84	1	0	0	0	0	0	1	1	0	0
60413de1-6cd2-4f74-8180-3bdd394d6d16	1	0	0	0	0	0	0	1	0	0
08b5d0e4-4661-460e-a9f7-f2e687414711	1	0	0	0	0	0	1	0	0	0
12f1ae2f-2666-45be-9742-f502d212373d	1	0	0	0	0	0	1	0	0	0
13c62975-9f5e-4d40-a461-dceab08a31ec	1	0	0	0	0	1	1	0	0	0
1d4a091d-fe65-49c0-8810-5a95243b108a	1	0	0	0	0	0	1	0	0	0
25e20393-752b-4796-9001-0e22ee04c586	1	0	0	0	0	1	1	0	0	0
2790b964-63e3-49aa-bf8c-9a00d3448c25	1	0	0	0	0	0	1	0	0	0
2e76891c-b620-4cc0-9315-6f1217b09b1e	1	0	0	0	0	0	1	1	0	0
524bbd14-1e1f-479b-9a71-d27fce32d8bc	1	0	0	0	0	0	1	1	0	0
561fd34c-7c7d-4df0-bbfc-3d31147ca562	1	0	0	0	0	0	1	0	0	0
56ddcb96-e90b-4fce-aa4c-c677bbfee488	1	0	0	0	0	0	1	0	0	0
76a0d9c9-5e69-44e8-9ed2-6d2e387803fc	1	0	0	0	0	1	1	0	0	0
7ba70717-d65e-4a45-af79-60a976770526	1	0	0	0	0	1	1	0	0	0
7e22401d-f4cd-44c5-8a01-b08a439e5a31	1	0	0	0	0	0	1	0	0	0
7f031d71-3cb7-4744-86bd-a3beecfe166e	1	0	0	0	0	0	1	0	0	0
a6e24c2a-26b9-409c-bbcd-a8fcdd1e437c	1	0	0	0	0	0	1	0	0	0
b3befa40-8f44-4eb6-ada0-ec395f460656	1	0	0	0	0	0	0	0	0	0
eeddf701-93f9-4f10-85cb-9dce1760bae8	1	0	0	0	0	1	1	0	0	0
28839c75-90a8-493f-b658-8c63e0ebd324	1	0	0	0	0	1	1	0	0	0
30600994-c1ec-44c9-a620-3f6c617eb928	0	0	0	0	0	1	1	0	0	0
a84915de-6562-4836-86f9-f2a05598296e	1	0	0	0	0	1	1	0	0	0
f07b9192-c86f-4ee4-a3b5-feb9c5098bf4	1	0	0	0	0	1	1	1	0	0
09508a0d-ebe0-4fa1-b7b2-1710814181cd	0	1	1	0	0	0	0	1	0	0
1659bae5-3140-4d05-891c-81b48277b2fc	0	0	1	1	0	0	1	1	0	0
2b4feb84-89e4-4c38-8561-5ffab02c8132	0	0	1	0	0	0	1	1	0	0
3a6bce45-0431-49d8-82df-b1d9a738e5a6	1	0	1	0	0	0	0	1	0	0
42465bbd-289b-4e96-98fe-76809c5e1520	0	0	1	0	0	0	1	1	0	0
51b25b37-f75c-4380-a0f6-5273e0b7ee33	0	0	1	0	0	0	1	1	0	0
669f0e01-28f6-4ed8-bdb5-73f84ea28f78	0	0	1	0	0	0	0	1	0	0
6fffe0cf-bb38-4e77-88ab-a256bd7fbbce	1	0	1	0	0	0	0	1	0	0
8888e808-594b-4c76-b2e4-62aa56736f7c	0	0	1	0	0	0	1	1	0	0
89dad92e-5b3f-479a-a6da-a94ee7df7f8a	1	0	1	0	0	0	0	1	0	0
c2ec7f57-8510-4bbf-a2e9-dbd9ce8dcad1	1	0	1	0	0	0	0	1	0	0
c767254e-b289-4904-a80f-050cf01ff8ba	1	0	1	0	0	1	0	1	0	0
d2e4dc23-992d-4e44-add4-2972718083cb	0	1	1	1	0	1	0	1	0	0
d392ded3-afc8-4c79-b278-40245f18f2f8	0	0	1	0	0	0	0	1	0	0
d4bf6034-aeae-48a6-907b-10e2cc904015	1	0	1	0	0	0	0	1	0	0
da43386c-47f8-4e03-b6ca-8b94e13792e7	0	0	1	0	0	0	0	1	0	0
e6f7344b-951f-4f3f-b140-7bf53164c462	1	0	1	0	0	0	0	1	0	0
efbec43c-0c16-4006-abe8-c3ec2ec42c05	0	1	1	0	0	0	1	1	0	1
efec3225-de07-4559-9a90-95223495cc61	0	0	1	0	0	1	0	1	0	0
f858d813-f3c5-4ad9-8c20-9f231d6624d8	0	1	0	1	0	1	1	1	0	0
0009b464-b376-4fbc-8a56-da538269a02f	1	0	0	1	0	0	0	1	0	0
01df36af-3617-40fc-9892-f54ce433cf71	1	0	0	0	0	0	0	1	0	0
4e913899-eeb8-4630-ba9d-41a81ced8069	1	0	0	0	0	0	0	1	0	0
5b560f4c-d2a3-43fa-b394-abef78bdefc1	1	0	0	0	0	1	1	1	0	0
6821446e-8e76-46fe-b0b9-47feb46d2585	1	0	0	0	0	0	0	1	1	0
6ce42746-88aa-485f-a1c4-1759aad95914	1	0	0	0	0	0	0	1	0	0
86f23897-dba0-4e89-8381-d174eaa6fcc1	1	0	0	0	0	0	1	1	0	0
8b28f6d2-4b7d-493b-826e-b119a4fb0cb4	1	0	0	1	0	0	1	1	0	0
a330a96e-9897-4605-b5f1-5b5ef45cd365	1	0	0	0	0	0	1	1	0	0
acd510de-b732-4a1a-8b72-6d22e763540b	1	0	0	0	0	0	0	1	0	0
bbe59385-5f83-43f6-a485-517c860bef6f	1	0	0	0	0	0	0	1	0	0
dce54d09-9827-4fe2-abe1-c5b7d528ba7f	1	0	0	0	0	0	1	1	0	0
e45f3391-2e74-4767-817a-280cebac7c57	1	0	0	0	0	0	0	1	0	0
3c2b1509-1eb9-4b79-9569-57810f291499	0	0	0	1	0	1	1	1	0	0
f26b1f44-12de-43ba-85bb-bc61741a5a88	0	0	0	1	0	1	0	1	0	0
2a8d63eb-0174-4213-9214-413f391f512c	1	0	0	0	0	0	0	1	0	0
504cdfc5-6721-43ef-b31e-fdf52f0cd9cd	1	1	0	0	0	0	0	1	0	0
9e6806c4-d331-4025-abee-2f576e3bf182	1	0	0	1	0	0	0	1	0	0
5d922e48-aa70-454d-9417-c9af686feebc	0	0	0	1	0	0	0	1	0	0
bbb2cf2f-8f32-43d4-846c-d1020e6329ec	0	0	0	1	0	0	1	1	0	0
123c9d1c-72ba-4d82-8e57-d5caa52a40ba	1	0	0	0	0	0	1	1	0	0
e4aaca83-3ae9-47f6-a975-c144767ad705	0	0	0	0	0	0	1	1	0	0
1ac54c6e-a1e4-4f3b-b4a5-cdb327e0dca6	1	0	0	1	0	0	1	0	1	0
2c48eefe-2a08-47bf-8e4d-cbaab6777150	1	0	0	1	0	0	1	1	1	0
046d7386-95c8-4501-9e55-c85bec272a7a	1	0	0	0	0	0	1	1	0	0
33061bf5-9b99-4735-a810-f2d5eeef6873	1	0	0	0	0	0	1	1	1	0
3933c60d-73d6-4f74-ae02-fd545fc1f092	0	0	0	1	0	0	1	1	0	0
3ed783cf-2248-44a1-a2a2-d6b6519b91ef	0	0	0	0	0	0	1	1	1	0
5255d645-d3d2-422e-8449-046cd21f4935	1	0	0	0	0	0	1	1	0	0
c0523251-3ac2-4292-bb00-9ae9ea9009f6	1	0	0	0	0	0	1	1	0	0
cc7af465-22ed-485d-a78c-282b840bf7c9	1	0	0	0	0	0	1	1	1	0
1a0ef226-41a5-4b56-9078-4b7834f0c976	1	0	0	0	0	0	1	1	0	0
1f81a1b0-8089-44ef-87b5-b3359a407ad2	1	0	0	0	0	0	1	1	0	0
2bf5b018-9f19-4fbd-9e1f-7d958aabe5d1	1	0	0	0	0	0	0	1	0	0
3c86ba21-7b11-4ec7-9d20-a2325197c676	1	0	0	0	0	0	1	1	0	0
441d2f21-b448-4fc8-8c54-9b85aca56237	1	0	0	0	0	0	1	1	1	0
6ad44218-d34e-4126-bf56-1be2140cd3fb	1	0	0	0	0	0	1	1	0	0
7410c00d-ed0b-48dc-a4bf-eb76ac613980	1	0	0	0	1	0	1	1	0	0
af9cfac8-7fbe-49cb-aeca-8d68aea57994	1	0	0	0	0	0	1	1	1	0
e56b0990-ff67-47c1-b9ad-87ef1d4aa2ae	1	0	0	0	0	0	1	1	1	0
ee8ba991-8c96-476e-b096-49f3aaaffc2f	1	0	0	0	0	0	1	1	0	0
0972bfcf-c6c6-48cc-b820-cdfa6279a4f3	1	0	0	0	0	0	1	1	1	0
1c28e44a-6e6c-44ed-b58a-e3262c0e6759	1	0	0	0	0	0	1	1	1	0
31c75873-abb4-4d88-9e2f-07497a6c892d	1	0	0	0	0	0	1	1	1	0
3fb8f017-576f-4901-b8bf-3a58e5d43de3	1	0	0	0	0	0	1	0	1	0
4652ae03-b096-42d0-bdfa-3f6281d4f023	1	0	0	0	0	0	1	1	1	0
72f82fbd-9838-4082-b605-bc3d80226f16	0	0	0	0	0	0	1	0	1	0
75cd90ef-e884-4812-bbf3-5a524d95147e	1	0	0	0	0	0	1	1	1	0
7fcd8af9-4d73-4c97-95cc-b30b09f21bb2	1	0	0	0	0	0	1	1	1	0
a2238b5f-0513-487a-9b1b-7bef85ebf336	1	0	0	0	0	0	1	1	1	0
b04624d2-d8f8-4b51-be1b-72c73d8055f9	0	0	0	0	0	0	1	1	1	0
b5dd0bc9-6c1c-4272-b920-744de37d0aee	0	0	0	0	0	0	1	0	1	0
b7008a98-5aa0-4cc9-9bee-af2a422266db	0	0	0	0	0	0	1	1	1	0
cf072bfe-3191-4a71-9e0b-decaa28365e1	0	0	0	0	0	0	1	1	1	0
e4c8c7f0-5bac-4d59-91c4-c98207150548	1	0	0	0	0	0	1	0	1	0
e7048a93-a1ed-4cdc-a1ab-fa507408ca77	1	0	0	0	0	0	1	1	1	1
efacd7d6-56cf-4f6a-87f0-1a7ab6b1a643	1	0	0	0	0	0	1	1	1	0
9c857452-c81d-4b9e-87a8-5b41f4394f7c	1	0	0	0	0	0	1	1	0	0
ca284012-bd06-47a3-8a9d-c6b185d87d85	1	0	0	0	0	0	1	1	1	1
cafe9603-a804-48fb-9217-e2d1c3c346c5	1	0	0	0	0	0	1	1	1	0
ef002c3d-358f-4fc0-98f3-2f8b89de4374	1	0	0	0	0	0	1	1	1	0
079bcb09-a075-4313-9a3e-dd67734a8c5d	1	0	0	0	0	0	1	1	1	0
12f038e1-00af-4c64-a2e0-9e63323492ef	1	0	0	0	0	0	1	1	1	0
1776f326-b12f-4355-8107-80fa6fcd2159	1	0	0	0	0	0	1	1	1	0
183b04f5-107f-496c-8e9a-8263dd00cffa	1	0	0	0	0	0	1	1	1	0
1c9fbe26-1447-4335-aaab-06d6bb3e2741	1	0	0	0	0	0	1	1	1	0
1e181878-c640-4e91-a620-3fc4b08a4de1	0	0	0	0	0	0	1	1	1	0
2102558b-87b0-447b-bb9a-e4ae9df8b75e	0	0	0	0	0	0	1	1	1	0
25c32aca-6738-43ef-a103-243f2f9a3b43	1	0	0	0	0	0	1	1	1	0
25cf7449-8c5b-403e-aa75-e2af158598e8	1	0	0	0	0	0	1	1	1	0
2e43e0ca-54ea-482e-acf2-0048d9187a5c	1	0	0	0	0	0	1	1	1	0
33070975-0f35-4518-9ffb-4c6170c32534	1	0	0	0	0	0	1	1	1	0
39c6c3b3-4683-4d11-984c-ed589188da65	1	0	0	0	0	0	1	1	1	0
3e4d0e50-8cf4-4eb0-a00a-ccf0484ecc2f	0	0	0	0	0	0	1	0	1	0
46e166fe-3b20-49ad-98db-42c854c61c93	1	0	0	0	0	0	1	1	1	0
4cbe411b-b05e-46bd-bea8-126289a0866c	1	0	0	0	0	1	0	1	1	0
5b41e033-6df8-411e-a13b-59eeb8afbf9b	0	0	0	0	0	0	1	1	1	0
60aff7a0-4960-4ed1-922b-3233ccbfdba1	1	0	0	0	0	0	1	1	1	0
60e78c80-41a5-456a-9a81-9007d18fd72c	1	0	0	0	0	0	1	1	1	0
631ab9d0-5400-400c-b0bc-c3e576bcfe06	1	0	0	0	0	0	1	1	1	0
644c669b-937b-4adc-81b9-6a1811cba9da	1	0	0	0	0	0	1	1	1	0
65d2dbc3-a163-4696-b246-47a430e66572	1	0	0	0	0	0	1	0	1	0
6fc0cb07-9713-4355-8543-f85d1c5505c2	1	0	0	0	0	0	1	1	1	0
70dd8453-11d3-4105-a8d0-6a755c52495d	1	0	0	0	0	0	1	1	1	0
71ef8379-03a0-4b81-92c9-1ba666fe4d7a	1	0	0	0	0	0	1	1	1	0
78103d9b-0b8a-431e-bb58-5c99fbea12e4	0	0	0	0	0	0	1	0	1	0
7b318282-5df4-42bc-b1e0-0e4a66ba9204	0	0	0	0	0	0	1	1	1	0
7ccee959-1e87-4a39-b6b3-840ddcb94995	0	0	0	0	0	0	1	0	1	0
7d04f401-3505-410c-8def-0348ecd8aae2	1	0	0	0	0	0	1	1	1	0
88bc38ba-ad1d-431e-a67e-0a5a23678386	1	0	0	0	0	0	1	1	1	0
89195d56-1ef2-41df-b200-9f18e38f574a	0	0	0	1	0	0	1	1	1	0
8d67c121-37d0-4fc0-a349-2c9452589d65	1	0	0	0	0	0	1	1	1	0
b47aa163-eec9-4225-940b-4373e78152e2	1	0	0	0	0	0	1	1	1	0
b54b9433-ec10-4cb5-a860-4555da64917b	1	1	0	0	0	0	1	1	1	0
b8270565-9e02-4d46-9534-08206bfd027a	1	0	0	0	0	0	1	1	1	0
c13fb736-614c-4d5f-83bf-2d7586f4fb53	1	0	0	0	0	0	1	1	1	0
c9e7c629-7b57-4ede-b315-0cea8c97c48e	1	0	0	0	0	0	1	1	1	0
d1804679-e728-4597-ac69-49554c087b9e	1	0	0	0	0	0	1	1	1	0
d8de6de6-4cfe-4239-9ebd-3437aa65efb2	1	0	0	0	0	0	1	1	1	0
da1ed4b9-f428-48aa-834d-1d9673999044	1	0	0	0	0	0	1	1	1	0
ded2689b-8e37-480c-b37c-acc538e54ddf	1	0	0	0	0	0	1	0	1	0
e0aa815f-668a-4de9-bb32-3f215bb7f843	1	0	0	0	0	0	1	1	1	0
e6eda5db-4d4f-418e-b0d4-ed9b3e5259d3	0	0	0	0	0	0	1	1	1	0
e97ea3d7-9fcd-4df1-9ea8-587cb3be75ec	1	0	0	0	0	0	1	1	1	0
ecfe388a-99f5-44b9-9226-a6ae6d892538	1	0	0	0	0	0	1	1	1	0
edac1323-2497-45e6-9148-e9c955292ba2	0	0	0	0	0	0	1	1	1	0
efc39172-083c-4297-b922-3f58df781332	0	0	0	0	0	0	1	0	1	0
f4e926fd-006e-4c85-b71c-1433c325acb0	1	0	0	0	0	0	1	1	1	0
f94c4f69-8119-4eaf-97c1-5106890c14d4	0	0	0	0	0	0	1	0	1	0
ffe4bb51-e98a-41a7-a4e1-c3970386889c	1	0	0	0	0	0	0	1	1	0
4808f9e1-452d-45eb-9b87-2f87c67d3452	0	0	0	1	0	0	0	0	0	0
4b8c6b0c-0d0c-4834-a2f3-691e0919b902	0	0	0	1	0	0	0	1	0	0
4b91ece6-c9b2-4889-b18c-c63eb58eb061	0	0	0	1	0	0	0	0	0	0
7eb0ee38-fbe2-49ea-ba63-aa13825eca6e	0	0	0	0	1	0	1	0	0	1
5c3def3a-b515-41f6-8157-681b963534e7	1	0	0	0	0	0	1	0	0	1
fce8d8c6-f2a0-43a8-9a7a-b9c519a6686c	0	0	0	0	0	1	1	0	0	0
b49d5310-3cc5-4386-9444-cf0d61b52376	0	0	0	1	0	0	1	1	1	0
a5346247-3f30-470a-b4ab-732180786291	1	0	0	0	0	0	1	1	1	0
0b29c893-03bf-4131-b192-c14a2788d411	0	0	0	0	0	0	1	1	1	1
a47c2012-c13d-48ac-88b6-e09bfd50122b	1	0	0	0	0	0	0	0	1	0
dc4ba4bc-6333-4fe9-8805-e058cc9e6e18	1	0	0	0	0	0	0	1	1	0
f7702c0c-9636-4700-a8ae-7a58afd9fa71	1	0	0	0	0	0	1	1	1	0
deb0de92-a46b-4e71-814c-2f6c5e97dbcd	0	0	0	0	0	0	0	0	1	0
0d569bd5-418d-4d72-87ca-8e14668c2119	0	0	1	0	0	0	0	1	0	0
2b02e3ad-4423-491e-993a-561e80dc7bcf	0	0	1	0	0	0	0	0	0	0
4e7cdeda-6dc1-4f17-b853-72a68e5aa7e1	0	0	1	0	0	0	0	1	0	0
78bd2aa8-e5f6-4b4b-96f0-d406fbdbcee8	1	0	1	0	0	0	0	0	0	0
b330c50b-c45f-413d-918f-33275d0d8f91	1	0	1	0	0	0	0	1	0	0
df814571-57f1-4e55-bc1a-c892c568c4ba	0	0	1	0	0	1	0	0	0	0
606d7f5e-ff98-4245-a9ac-281f5074f97a	0	0	1	0	0	0	0	0	0	0
278b2498-1d64-493b-ac43-3489ec86f313	0	0	1	0	0	0	0	0	0	0
ce6154e9-3f3a-442f-a608-35e1bab66927	0	0	1	0	0	0	0	1	0	1
e64e9f76-c622-11e3-bf01-24c6515278c0	1	0	1	0	0	0	0	0	0	0
50f4d836-79a9-4bc7-a63a-7aa29e41d418	0	0	1	1	0	0	0	1	0	0
f37971bd-ec65-4840-8d4f-678692cee695	0	0	0	0	0	0	1	0	0	0
bb65d670-0411-4fc5-a6cb-019caec1ab36	1	0	0	0	0	0	1	1	1	0
9fb6b7be-0084-48f7-a256-6d170e72e97f	0	1	0	0	0	0	0	1	0	0
f35f7712-d5c6-47f6-98ed-704edbbc1e19	1	1	0	0	0	0	1	1	0	0
145f6dbb-9744-44f7-8485-e440689de3fd	0	0	0	0	0	0	0	0	0	1
b070af2a-c622-11e3-bf01-24c6515278c0	0	0	0	0	0	0	0	0	0	1
8eb90ea4-c622-11e3-bf01-24c6515278c0	0	0	0	0	0	0	1	0	0	1
e99ccc0c-c622-11e3-bf01-24c6515278c0	1	0	0	1	0	0	0	0	0	1
63fef3fe-c622-11e3-bf01-24c6515278c0	0	0	0	0	0	0	0	0	0	1
6baee028-c622-11e3-bf01-24c6515278c0	0	0	0	0	0	0	0	0	0	1
eb1792ee-6946-4e0d-bdd1-c924328dba5d	0	0	0	0	0	0	0	0	0	1
b86655a4-c622-11e3-bf01-24c6515278c0	0	0	0	0	0	0	0	0	0	1
3d400522-c623-11e3-bf01-24c6515278c0	0	0	0	0	0	0	0	1	0	1
1c1c6494-c623-11e3-bf01-24c6515278c0	0	0	0	0	0	0	0	1	0	1
15fd8dc8-c622-11e3-bf01-24c6515278c0	0	0	0	0	0	1	0	1	0	1
4c183106-c622-11e3-bf01-24c6515278c0	0	0	0	0	0	0	0	0	0	1
0dd39eca-c623-11e3-bf01-24c6515278c0	0	0	0	0	0	0	0	1	0	1
b1f19de6-c622-11e3-bf01-24c6515278c0	0	0	0	0	0	0	0	1	0	1
11473a98-d953-45f9-abf5-709b68a4bae8	0	0	0	0	0	0	0	0	0	1
bbdd7393-024b-4073-b5bc-ef7a68c15b8a	1	0	0	0	1	0	1	0	0	0
469eddf2-6e02-46bf-820f-6296a2b776e2	0	0	0	1	0	0	0	0	0	0
97a6f44a-c622-11e3-bf01-24c6515278c0	0	0	0	1	0	0	0	0	0	0
f50fb278-1f0f-406e-b341-eb3d1b97afe6	0	0	0	1	0	0	0	1	0	0
724bf2b8-a246-4b6f-85f8-95824c03896e	1	0	0	1	0	0	0	0	0	0
d2b7bb0a-c622-11e3-bf01-24c6515278c0	0	0	0	1	0	0	0	0	0	0
4d6bb438-86f0-4414-962f-2b1cebee4524	0	0	0	1	0	0	0	0	0	0
ac1bd179-8285-468c-ab9f-7f91151ca0f2	0	0	0	1	0	0	0	0	0	0
ca137611-533a-4d20-a85d-8e4c3a1eab2d	0	0	0	0	0	0	1	1	0	0
0e7f46ca-6f5c-4538-b6d6-00af65d57fcf	0	0	0	1	0	0	1	0	0	0
deb9fbb6-656b-41ce-8299-554efc2379bd	1	0	0	1	0	0	1	1	0	0
3bfbc33d-804b-4bb3-97ac-97563d77b13d	0	0	0	0	0	0	1	1	1	0
68ba1105-569a-4209-9b45-0e2d64931806	1	0	0	0	0	0	1	1	1	0
8be6b14d-286a-471b-a282-ab98bc6050c3	1	0	0	1	0	0	1	1	1	0
3fba4880-cb7b-4ac5-ab5f-728614faa1ea	1	0	0	0	0	0	1	0	1	1
2bd9ccca-3fae-4b66-a762-6f30d6276222	1	0	0	0	0	0	1	1	1	0
02c97e2b-914e-4afc-bf50-78f0cfbfa67b	1	0	0	0	0	0	1	1	1	0
ec646623-6d33-4fbd-888e-89f55d82eb11	0	0	0	0	0	0	1	0	1	0
e5193d7e-e8b7-4098-bf98-8b3a62781d13	1	0	0	0	0	0	1	1	1	0
654dba9f-cfe5-4121-97c7-868613cdef53	1	0	0	0	0	0	0	0	1	0
db2a1df8-487d-4dad-a347-5c5ed539d5ad	1	0	0	0	0	0	1	1	1	0
81bc7f0c-865d-4801-a935-2ab04170df53	0	0	0	0	0	0	1	1	1	0
7cb71498-6ada-43c6-912b-bad4f93cf580	0	0	0	0	0	0	1	1	1	0
d4cf11be-3bd7-403b-9722-91d8e8761e4d	1	0	0	0	0	0	1	1	1	1
134c9a92-e91e-4347-a9c4-727279edebb1	0	0	0	0	0	0	0	1	1	1
f0e0d978-3e32-4444-a07a-26049b2594e6	0	0	0	0	0	0	0	1	1	0
96cca60e-17dc-44c3-90f7-1b57b0e08e5f	1	0	0	0	0	0	1	1	1	0
90b3c237-29a4-48b3-90b3-9f2c0ccb5928	1	0	0	0	0	0	1	1	1	0
4a88981e-e409-440f-9bf0-71ca1bab8b4e	1	0	0	0	0	0	1	0	1	1
b80ca528-2c5f-400c-8df3-9c47869a64c2	1	0	0	0	0	0	1	0	1	0
228fb827-c05e-494c-8a21-e1d925e100cb	1	0	0	0	0	0	1	1	1	0
f5bb7ae4-4bb4-4e87-b83c-bc8620584989	1	0	0	0	0	0	1	1	1	0
1327bbd4-a466-4e26-905f-cf91315f1cc8	0	0	0	0	0	0	1	1	1	0
129459c1-38be-45da-bb87-18848c97c544	1	0	0	0	0	0	1	1	1	0
29a00d78-b9bb-4c6b-b142-d5b8bfa63455	1	0	0	0	0	0	1	1	1	0
bb8176a7-ea7c-42d7-a85a-cec1ca386f2e	1	0	0	0	0	0	1	1	1	0
cb4608a7-6aec-4cba-b20f-489e214c9dbd	0	0	0	0	0	0	1	1	1	0
6867811f-ac89-47da-b5dc-1270033c36e7	1	0	0	0	0	0	1	1	1	0
b37d6283-6f95-4975-a794-f3d5c4bbc7b3	0	0	0	0	0	0	1	1	1	0
5650dc4e-8bce-4716-9199-cd5750d7a888	1	0	0	0	0	0	1	1	1	0
21b1a37f-e91e-4ce1-83cf-bb89b8d0fb35	0	0	0	0	0	1	1	0	1	0
a5d5c238-0447-47fa-9a81-3b823cbdcea6	1	0	0	0	0	0	1	1	1	0
40378b7a-a65d-4510-aaba-a34c4058fac7	1	0	0	0	0	0	1	1	1	0
72a5e569-99d4-47bc-be1b-6296a5025080	1	0	0	0	0	1	1	0	1	1
7f42e118-aab6-438a-9e84-e7451fe12d7e	1	0	0	0	0	0	1	1	1	0
88d5a8b2-daba-45ce-90bf-480fac85bf1d	1	0	0	0	0	0	1	1	1	0
2b3837b3-ee29-4a08-848e-1206404da986	0	0	0	0	0	1	1	1	1	0
9011cf17-0783-4f9d-b355-4f0fc1a2e78b	1	0	0	0	0	0	1	1	1	0
09cb8bc5-13ac-44ac-9b7d-6de143373570	0	0	0	0	0	0	1	1	1	0
4c4aa1b1-fda3-4c5b-b588-68aa727500ad	0	0	0	0	0	0	1	1	1	0
7ccb9a4d-6f48-41c2-a630-27fde8c67d60	1	0	0	0	0	0	1	1	1	0
d5796835-d6cd-427e-a398-5fbef88b0648	1	0	0	0	0	0	1	0	1	0
097a7d36-905b-72be-e050-11ac0d482c9a	0	0	0	1	0	1	0	1	1	0
56cc8740-b132-4cbc-b513-f0b5b2305ca6	0	0	0	0	0	1	0	1	1	0
4ef20a13-f107-4654-adca-fc60b8f5be47	1	0	0	0	0	1	0	0	1	0
0168a2a6-c3af-4d58-a51c-d33f0fc7876d	0	0	0	0	0	0	0	0	1	0
47874ff4-0b1c-4a31-9192-2a10e93ce9a1	1	0	0	0	0	0	0	1	1	0
9258860c-a336-4075-996d-2ee0c18b281c	0	0	0	0	0	0	0	1	1	0
ba096d4f-5a6c-4c31-ae03-e7483cf58c38	0	0	0	0	0	0	0	1	1	0
da910f22-126e-41dc-be6b-47c8f69ad106	0	0	0	0	0	0	0	1	1	0
8cbd1752-7eea-46d3-8623-09e96dfb1fdf	0	0	0	0	0	0	0	0	1	0
54354d24-c622-11e3-bf01-24c6515278c0	0	0	0	0	1	0	1	1	0	0
a31b6123-c1b7-4cd0-86d8-b2e640cce9da	1	0	0	0	0	0	0	0	0	0
76788f17-257d-47c7-ad85-ac5f959216b5	1	0	0	0	0	0	0	0	0	0
81cc0f39-6677-4f2e-9a75-d30152b188f3	1	0	0	1	0	0	0	0	0	0
2f0a660c-ba3c-49bb-90f7-39b0034cea82	1	0	0	0	0	0	0	1	0	0
15678c3d-ce61-454d-849e-1d4ca358909b	1	0	0	1	0	0	0	0	0	0
650fe009-da01-4717-89df-9c95fafe3d7e	0	0	0	1	0	0	0	0	0	0
03ad38a6-0902-4aaa-84a3-91ea88fa9883	0	0	0	1	0	0	0	0	0	0
4d72d06d-b6af-4294-9eef-6e61e067761f	0	0	0	1	0	0	0	0	0	0
140d5fa9-afbe-444e-a7e7-6a4cb4ab2923	0	0	0	1	0	0	0	1	0	0
626c9788-d70c-449b-b9dc-5e3f6fc00991	0	0	0	1	0	0	0	1	0	0
fdf7dfb7-9285-46b3-be60-672164507705	0	0	0	1	0	1	0	0	0	0
e98e4e23-a139-4fff-b017-35f3f976eddd	0	0	0	1	0	0	0	0	0	0
fb74cca4-ac9c-4be0-80e3-e71592f96aae	0	0	0	1	0	0	0	1	0	0
3e1180a5-149c-4e6c-9a29-696e3ba567e3	0	0	0	1	0	0	0	0	0	0
3b55c58d-f95a-4a1d-9aa1-8d2c026656a9	0	0	0	1	0	0	0	0	0	0
858631eb-4e91-4aad-809c-c3948519313d	0	0	0	1	0	0	0	1	0	0
3e7ccab5-5b1d-4147-b907-77cab8f0837e	0	0	0	1	0	0	0	0	0	0
5bcf473f-417d-47a5-9745-ac7faf830b1f	0	0	0	1	0	0	0	0	0	0
9b3e7a03-cf8c-4da8-bc36-20129d7783ba	0	0	0	1	0	0	0	0	0	0
02917220-6a7a-46a1-8656-907e96bef88e	0	0	0	1	0	0	0	0	0	0
e2b09705-c5c8-48ee-a90e-19648a7bf2cb	0	0	0	1	0	0	0	0	0	0
bdbcffb0-c7da-4e7d-8002-9feffe48533c	0	0	0	1	0	0	0	0	0	0
56e57223-264e-489d-bc9a-a07789065c40	0	0	0	1	0	0	0	0	0	0
4e7e6e1f-c648-446f-bdf6-0b1fcc6dfa83	0	0	0	1	0	0	0	0	0	0
890e840c-1d1d-4874-a8eb-f9d9a2b50a1c	0	0	0	1	0	0	0	1	0	1
9e842227-2bc6-4185-bedb-abeb03836b51	0	0	0	1	0	0	0	0	0	0
ebe0ed67-2d3f-45cd-8f9b-4912595b16a0	0	0	0	1	0	0	0	0	0	0
1d1eeba2-4d7b-4380-b0b6-26d246bc4158	0	0	0	1	0	0	0	0	0	0
f60007b3-0603-4ad1-8b47-d2d4c4c621e4	0	0	0	1	0	0	0	0	0	0
81b4dd02-34ec-4ddc-8818-ed888a60ad88	0	0	0	1	0	0	0	0	0	0
068f4f69-d2fe-4f25-912e-ca7d4623efb6	0	0	0	1	0	0	0	0	0	0
8fc11cb6-9d79-41c3-bb45-0dadda890e8d	0	0	0	1	0	0	0	1	0	0
f047cb85-8f88-45d5-83c3-0416c9f3fff7	0	0	0	1	0	0	0	0	0	0
f2c08ac1-4755-4c36-a11d-338d8df9fa0d	0	0	0	1	0	0	0	0	0	0
f04aecf0-eb12-4ab9-928e-7bcf201b0b40	0	0	0	1	0	0	0	0	0	0
232b7754-b3c3-4530-9d24-3af40d9b2816	0	0	0	1	0	0	0	0	0	0
866ecfe7-caa6-4565-9418-6b9d6c8a3b43	0	0	0	1	0	0	0	0	0	0
f5c8f98a-c34a-49e8-a655-d8f29487b55c	0	0	0	1	0	0	1	0	0	0
3e012b50-06d1-4120-971b-5e54139b00ee	0	0	0	0	0	1	0	1	0	0
fc81312a-d451-38fb-e040-11ac0c4832a4	0	0	0	0	0	1	0	0	0	0
fc8130df-1f21-c8f9-e040-11ac0d485dfc	0	0	0	0	0	1	0	1	0	0
741c4656-0fd0-416e-86c8-f6533b6c96f4	0	0	0	0	0	1	0	0	0	0
00508f2b-36bf-44fc-b66b-97e1f3e40bfa	1	0	0	0	0	1	0	0	0	0
c766274a-3c1e-443f-9ed4-c0e2b9c904d1	0	0	0	0	0	1	0	0	0	0
e541b5b9-546d-47bc-acd6-4006ce0eec1d	0	0	0	0	0	1	0	0	0	0
dc7faf84-4438-447b-abcf-a3af87043654	1	0	0	0	0	1	0	0	0	0
9fc5b5c7-3973-42b4-8710-454de0cb5b50	0	0	0	0	0	1	1	0	0	0
e2b2357c-da6f-4ca3-9c07-a22f0423e8fe	0	0	0	0	0	1	1	0	0	0
5fa88c3a-dbc1-43f2-82b2-e0592f35ce57	0	0	0	1	0	1	0	0	0	0
fc8130e0-0bfa-bba4-e040-11ac0c48328d	0	0	0	0	0	1	0	0	0	0
f064f762-c622-11e3-bf01-24c6515278c0	0	0	0	0	0	1	0	0	0	1
a3210fd0-344c-468e-8ff2-2d0869a2fb75	1	0	0	0	0	1	1	1	0	0
fc9dbf68-4599-3c64-e040-11ac0d481623	1	0	0	1	0	1	0	1	0	0
effb868c-f905-41a0-ace1-b5e508732534	0	0	0	0	0	1	0	0	0	0
cbb788dd-964b-4cfd-80e1-979c7b5b3c52	0	0	0	0	0	1	0	1	0	0
fe63d42b-d471-45b6-9bdf-1a3b55465d37	0	0	0	0	0	1	0	0	0	0
1eb1bc62-18f6-4bcb-a16d-aa6a91914031	0	0	0	0	0	1	0	0	0	0
51893d3f-e7f3-43f9-9fd0-c0f25ae96804	1	0	0	0	0	1	1	1	0	0
39c476fd-273b-4136-874c-53352f1be008	1	0	0	0	0	1	1	0	0	0
2abe2e53-ad9b-4fbc-b9a7-93444f1bea87	0	0	0	0	0	1	0	0	0	0
f9c4e06c-e8a6-613b-e040-11ac0d4828ba	0	0	0	0	0	1	0	0	0	0
0bfd1043-8187-e3e4-e050-11ac0c4860c5	0	0	0	0	0	1	0	0	0	0
764ded9e-c622-11e3-bf01-24c6515278c0	0	0	0	0	0	1	0	0	0	0
748d3ff3-8699-4519-8e0f-26b6a0581bff	1	0	0	0	0	0	1	0	0	1
0fc63b79-7fff-441d-88fc-922d53c787ab	0	0	0	0	0	0	1	1	0	1
368e592d-260c-4f58-81c4-a9f1e6177a4b	1	0	0	1	0	0	1	0	1	1
05070acd-3ec1-44bb-9c32-26d3a483a72a	1	0	0	0	0	0	1	1	1	1
95cc9620-7686-4805-a96c-cf8e659847c3	0	0	0	0	0	0	1	1	0	1
2fdfb06c-0d2f-4e1d-9756-bcb08a7f90af	1	0	0	0	0	0	1	1	1	1
289790a5-77bd-49a9-a1ec-478a8ecacd7f	0	0	0	0	0	0	0	0	0	1
f393bafe-7503-5c45-e040-11ac0d484511	0	0	0	1	0	0	0	0	0	0
fc81312a-99ae-7672-e040-11ac0c4832a2	0	0	0	1	0	1	0	1	0	0
1a134c18-ced3-4bae-9f15-5f0f09526639	0	0	0	0	0	0	1	0	0	0
3b4ff158-c6d8-4a26-9568-0634ddb4a609	0	0	0	0	0	0	1	0	0	0
9e99b8d9-6f0d-4fe0-9c1e-d286c0714909	0	0	0	0	0	0	1	0	0	0
8ca665f8-fe78-48bf-8c0f-c606d92885d4	1	0	0	0	0	0	1	0	0	0
33bcd589-80db-4a58-8f83-a48cb60e0fda	1	0	0	0	0	0	1	1	0	0
f82d213f-bc06-5b51-e040-11ac0c48687e	1	0	0	0	0	0	0	1	0	0
6e776415-ddf4-4060-953f-08ef22441234	1	0	0	0	0	0	0	1	1	0
01b0848c-ae36-4ade-a3da-d297b003c99f	1	0	0	0	0	0	1	1	0	0
4508ce0a-5a2e-4502-98e9-2fd76c4eebef	1	0	0	0	0	0	0	0	0	0
6012cb02-c623-11e3-bf01-24c6515278c0	1	0	0	0	0	0	0	1	0	0
2bd56bba-c623-11e3-bf01-24c6515278c0	1	0	0	0	0	0	0	0	0	0
d0469256-c622-11e3-bf01-24c6515278c0	1	0	0	0	0	0	0	0	1	1
fc8130e0-0bc1-bba7-e040-11ac0c483289	0	0	0	0	0	1	0	0	0	0
9ba2c970-c622-11e3-bf01-24c6515278c0	1	0	0	0	0	0	0	0	0	1
819b4304-c622-11e3-bf01-24c6515278c0	1	0	0	0	1	0	0	1	0	0
6d9d7ffc-c622-11e3-bf01-24c6515278c0	1	0	0	0	0	0	0	0	0	0
9ffe694e-b488-489e-bdbe-0800e505eec4	0	0	0	0	0	0	1	1	0	0
f24688a9-7952-49d8-ba80-2bbad472379c	0	0	0	0	0	0	1	0	0	0
9f298806-77b6-4c76-bd38-3343e1a3c6f0	0	0	0	0	0	0	1	0	0	0
a68389d4-431f-4582-b4df-e8ad200aa3be	0	0	0	0	0	0	1	0	0	0
fa718a69-7d09-424b-90a3-4839ba7dc9b2	0	0	0	0	0	0	1	0	0	0
ca8fa9f5-3190-440d-9879-22e33d05ca6c	1	0	0	0	0	0	1	1	0	0
d2620dab-4319-499a-b8f1-9575aaf8f4f3	0	0	0	0	0	0	1	0	0	0
f81693ba-09ee-4201-a389-0ceeda8a4636	1	0	0	0	0	1	1	1	0	1
fc009c3d-66fc-4b9c-ae43-014607e3723a	0	0	0	0	0	0	1	0	0	0
0fbd94b1-bb34-4620-841b-861a0b5e0c12	0	0	0	0	0	0	1	1	0	0
88d82a42-c622-11e3-bf01-24c6515278c0	0	0	0	0	1	0	0	0	0	1
56c846d6-c622-11e3-bf01-24c6515278c0	0	0	0	0	1	0	0	0	0	1
23eb72d8-c622-11e3-bf01-24c6515278c0	0	0	0	0	1	0	0	0	0	1
f4f48342-c622-11e3-bf01-24c6515278c0	0	0	0	0	1	0	0	0	0	1
54cfd4b0-c623-11e3-bf01-24c6515278c0	0	0	0	0	1	0	0	0	0	0
2d0e4b82-c623-11e3-bf01-24c6515278c0	0	0	0	0	1	0	0	0	0	1
b5f90cb8-7304-48fb-a1d3-ff459c7d79d1	0	0	0	0	1	0	0	1	0	1
2828e5e6-c623-11e3-bf01-24c6515278c0	0	0	0	0	1	0	0	0	0	1
fabf1f6c-c622-11e3-bf01-24c6515278c0	0	0	0	0	1	0	0	1	0	0
eb1531b0-8af1-4b2b-9192-644cb47101fc	0	0	0	1	0	0	1	1	0	0
f7d77a03-28a0-f446-e040-11ac0c4866fb	0	0	0	0	0	1	1	0	0	0
87e0b332-60f3-4d59-8c4e-691a820c9ee1	0	0	0	0	0	1	1	0	0	0
db4d1d04-1189-4c0e-99a7-904667af07b5	0	0	0	0	0	1	1	0	0	0
49ad3c8d-88cd-43cd-a273-1623fe2aec0b	0	0	0	0	0	0	1	0	0	0
759e20be-6a2b-4c54-aca0-6d358598d6f5	0	0	0	0	0	0	1	0	0	0
494701ce-05d4-440b-a65e-d925902b9d42	0	0	0	0	0	0	1	0	0	0
b75b2663-dcc6-411c-bfcc-574aa33cf388	0	0	0	0	0	0	1	1	0	0
120f01d1-8884-4aca-a1cb-36b207b2aa3a	0	0	0	1	0	0	1	0	0	0
2ecd8358-c622-11e3-bf01-24c6515278c0	0	0	0	0	0	0	1	0	0	1
1b0fe1d5-b286-4f49-ae92-94d9c6db9657	1	0	0	0	0	0	1	0	1	0
8a6d6b2e-c622-11e3-bf01-24c6515278c0	0	0	0	0	0	1	0	0	1	1
c6bb32f0-c622-11e3-bf01-24c6515278c0	0	0	0	0	0	0	1	1	1	0
20d1b88b-3ff6-4201-a748-6a993500c652	1	0	0	0	0	0	1	0	1	0
995a1ad2-faca-4a37-a59d-e62455985afb	0	0	0	0	0	0	1	0	0	0
929f2216-6ab3-414f-a814-49b69d4b49d9	0	0	0	0	0	0	1	0	0	0
b9dbc78e-44ce-427c-bbeb-de8d097bde2c	0	0	0	0	0	0	1	0	0	0
d733cf1a-4c42-4def-b6cb-5ef2c6a27fcd	0	0	0	1	0	0	1	0	0	0
005794f1-5a87-45b5-9811-83ddf6924568	0	0	0	0	0	1	0	0	0	0
3afae3fb-2d87-4724-a589-d31cce1f4c28	0	0	0	0	0	1	0	0	0	0
abedd46c-47b8-4242-adb6-12835400cb3f	0	0	0	0	0	1	1	0	0	0
b30dfb8b-8288-4e5a-afc2-3d5bd7bfa26c	0	0	0	0	0	1	0	0	0	0
72a27124-24b9-41f7-a065-774fdf5f7d19	0	0	0	0	0	1	0	0	0	0
3232f77f-b745-4232-a802-6699b6356efd	0	0	0	0	0	1	0	0	0	0
0e872e0d-4711-4364-a5d0-6beeb6fd3ff2	0	0	0	0	0	1	0	1	0	0
f2b2111c-c622-11e3-bf01-24c6515278c0	1	0	0	0	0	0	1	0	0	0
63762458-902a-4329-a823-703b54cb5f9d	0	0	0	0	0	1	1	0	1	0
fc8130e0-0db6-b568-e040-11ac0c483281	0	0	0	0	0	1	0	1	0	0
f7c6a336-3126-7580-e040-11ac0c485971	0	0	0	0	0	1	0	0	0	0
78bc2608-c623-11e3-bf01-24c6515278c0	0	0	0	0	0	1	0	0	0	0
8a8dd718-c46e-462a-9793-83d88f5caa7f	0	0	0	0	0	1	0	0	0	0
ba5667da-7688-4931-bdb7-d65f391caf60	0	0	0	0	0	1	0	0	0	1
c59188a8-c6bb-433c-97fe-69f79a126d03	0	0	0	0	0	1	0	0	0	0
d609ce92-9edd-4286-bd5f-b93304cae9a2	0	0	0	0	0	1	0	0	0	0
fc8130e0-ad66-b82e-e040-11ac0d485e0e	0	0	0	0	0	1	0	0	0	0
de55876b-5d7d-46e7-bf3e-35db7a155300	0	0	0	0	0	1	0	0	0	0
0cb4356c-b5d6-4541-b048-ff6d4b3a5d26	0	0	0	0	0	1	0	0	0	1
1cb25b72-3726-4f12-9e22-f5c7e4b05681	0	0	0	0	0	1	0	0	0	1
9650640f-154d-4696-aa96-3611c6fcee7b	0	0	0	1	0	1	1	0	0	0
f393bafe-c99f-3725-e040-11ac0d484514	0	0	0	0	0	1	0	1	0	0
f7b84bac-f161-9eee-e040-11ac0c4847ed	0	0	0	0	0	1	0	1	0	0
fc8130e0-0d25-b475-e040-11ac0c483277	0	0	0	0	0	1	0	0	0	0
f7b847e5-0f5d-69b4-e040-11ac0c4845fe	0	0	0	0	0	1	0	0	0	0
f7b84c09-15d4-3046-e040-11ac0c4847ff	0	0	0	0	0	1	0	0	0	0
f7c7373c-1972-4968-e040-11ac0d486e80	0	0	0	0	0	1	1	0	0	0
f7d7b3db-02af-61cb-e040-11ac0c480c03	0	0	0	0	0	1	0	0	0	0
f7f66114-e321-1d4c-e040-11ac0d48541a	0	0	0	0	0	1	0	0	0	0
f80293b8-ddb7-f575-e040-11ac0d48309d	0	0	0	0	0	1	0	0	0	0
fc8130df-1cdd-cade-e040-11ac0d485dec	0	0	0	0	0	1	0	0	0	0
fc8130df-2628-304a-e040-11ac0d485dfa	0	0	0	0	0	1	0	0	0	0
fc8130df-3225-3f96-e040-11ac0d485dfe	0	0	0	0	0	1	0	0	0	0
fc8130df-34f8-22c6-e040-11ac0d485de8	0	0	0	0	0	1	0	0	0	0
fc8130e2-f2ef-d096-e040-11ac0c483293	0	0	0	0	0	1	0	0	0	0
fc8130e3-023d-c7d4-e040-11ac0c483295	0	0	0	0	0	1	0	1	0	0
241abdfd-e6de-4830-a233-4bbc5f622725	1	0	0	0	0	1	1	1	0	0
4aa7eabc-0419-4897-b7af-5dcccfd6ac2f	0	0	0	0	0	1	0	1	0	0
2b40a733-7a63-4bb8-a953-95a4ee28f962	0	0	0	0	0	1	1	1	0	0
589daa3f-0b76-4c9c-b494-048955e36052	0	0	1	1	0	0	1	0	0	0
de4f520c-c622-11e3-bf01-24c6515278c0	0	0	0	0	0	0	0	1	0	0
d182b67c-c622-11e3-bf01-24c6515278c0	0	0	0	0	0	0	0	1	0	1
3b41cb48-c623-11e3-bf01-24c6515278c0	1	0	0	0	0	0	0	1	0	1
f9718c44-c622-11e3-bf01-24c6515278c0	0	0	0	0	0	0	0	1	0	0
49795e42-c623-11e3-bf01-24c6515278c0	0	0	0	0	0	0	0	1	0	1
f6c811ff-f22e-490b-9b23-b527d20e6e6d	0	0	0	0	0	0	1	1	0	0
bcefbf6a-80ff-4825-9d3a-492e2dceb35d	1	0	0	0	0	0	1	0	0	0
7ae872a6-c623-11e3-bf01-24c6515278c0	1	0	0	0	0	0	1	0	0	0
9749a9a5-cb7f-4038-a5f9-5e2d6b97c689	1	0	0	0	0	0	1	1	0	0
796a8782-6d7e-47c8-b322-fcfe1dd240c8	1	0	0	0	0	0	0	1	0	0
8c5f9574-c622-11e3-bf01-24c6515278c0	1	0	0	0	0	0	0	0	0	1
f92a78d1-90ff-70c8-e040-11ac0d485eca	1	0	0	0	0	0	0	0	0	0
f9c51617-3fcb-91c5-e040-11ac0d484abf	1	0	0	0	0	0	0	0	0	0
6bdf00f6-670f-466e-87fb-e853e41f000e	1	0	0	0	0	0	1	1	0	0
a742a46d-2594-4efe-a701-4a2737ffae81	0	0	0	0	0	0	1	0	0	0
0ab4d782-9a50-48b9-96e4-6ce42b2ea034	0	0	0	0	0	0	1	0	0	0
142b6dbf-c943-4a7d-8ab6-13a975f48d7a	0	0	0	0	0	0	1	1	0	0
22d67778-61fc-4f15-95b8-7e7c6cc7112b	0	0	0	0	0	0	1	0	0	0
6d4a548a-7e30-4b6b-9a13-72827eed439c	0	0	0	0	0	0	1	0	0	0
72108583-5320-46ec-945f-5ff173d7dc15	0	0	0	1	0	0	1	1	0	0
b42d183c-bc9c-4652-9e56-10c54c5ee96e	1	0	0	0	0	0	1	0	0	0
def5526a-774a-4704-bb24-10c4e713649a	0	0	0	0	0	0	1	0	0	0
2df17728-33e8-45ab-833b-ef68a5482daa	0	0	0	0	0	0	1	0	0	0
bcd52bcb-6e35-4220-9775-96dabff926b4	0	0	0	0	0	0	1	0	0	0
fa9996c3-b874-4424-a5a6-f1c7c0f42b9b	0	0	0	0	0	0	1	0	0	0
bb567851-d4ff-4a93-8576-04a37aea68af	0	0	0	0	0	0	1	0	0	0
65be412d-46c3-4cbf-9b46-b35351e53065	0	0	0	0	0	0	1	1	0	1
1daefc49-5248-4948-87ce-0ec19a248ef9	1	0	0	0	0	0	1	0	0	0
5912d4b3-2d5d-4b98-b967-1b4ff177097a	1	0	0	0	0	1	1	0	0	0
7117854b-6f0a-4a43-b66c-506a3e29377d	0	0	0	0	0	0	1	0	0	0
74e5905f-6350-498a-9454-9ea0593d2f56	1	0	0	0	0	0	1	1	0	0
c95a2b1b-726c-4608-9fff-d57b6f1aa75a	1	0	0	0	0	0	1	1	0	0
4a35b01f-5e19-4673-abea-d87fd1d605d0	0	0	0	0	0	0	1	0	0	0
d4ecbf52-f6a9-4394-9d3b-8eb8eee1b17b	0	0	0	0	0	0	1	0	0	0
f21832da-df8b-43d4-9bf4-34ad72b1bcd9	0	0	0	0	0	0	1	0	0	0
ff870342-f0d6-4450-8f9c-344c046a0baf	0	0	0	0	0	0	1	0	0	0
2e0bbaf6-c623-11e3-bf01-24c6515278c0	0	0	0	0	0	0	1	0	0	0
58f4ff52-c623-11e3-bf01-24c6515278c0	0	0	0	0	0	0	1	0	0	1
f89ef95e-6e39-420b-a3c2-ccebcc69ce3b	1	0	0	0	0	1	0	0	0	0
adfbba82-c622-11e3-bf01-24c6515278c0	0	0	0	0	0	1	0	0	0	1
06ecd127-6c24-422d-a7fb-bf5aee1b8b7b	0	0	0	0	0	1	0	0	0	0
aff5793b-3197-4d1d-bf0a-9b0ded5f2937	0	0	0	0	0	0	1	0	0	0
1c300960-e51c-4477-8fdd-026c7e545dc4	0	0	0	0	0	0	1	0	0	0
c19a1388-95e6-4708-a24c-3738f1908071	0	0	0	0	0	1	0	0	0	0
04db8bef-8777-48ac-bc2e-3c9acb103f48	0	0	0	0	0	1	0	0	0	0
fc447d4f-2532-c8ea-e040-11ac0c48469f	1	0	0	0	0	1	0	1	0	0
fc95d5ce-6899-62f1-e040-11ac0c486011	0	0	0	0	0	1	0	1	0	0
10cb8ac6-c622-11e3-bf01-24c6515278c0	0	0	0	0	0	0	0	1	0	1
1295947c-c623-11e3-bf01-24c6515278c0	0	0	0	0	0	0	0	0	0	1
5ee1dda9-2e84-4617-af09-2ae02873b44d	0	0	0	0	0	0	0	0	0	1
fbea74b5-b1a8-4767-af7c-e179ce8da071	0	0	0	0	0	0	0	0	0	1
5dc6f055-c4f6-49a1-a68c-94cf87cbd363	0	0	0	0	0	0	0	0	0	1
4283773c-c04b-4f33-a398-f3566f6d293a	1	0	0	0	0	0	0	1	0	1
2ea2294d-fab9-43ae-a222-370487495b06	0	0	0	0	0	0	0	0	0	1
64b80154-c623-11e3-bf01-24c6515278c0	0	0	0	0	0	0	0	1	0	1
7f795952-c623-11e3-bf01-24c6515278c0	0	0	0	0	0	0	0	0	0	1
bdeeb1a6-c622-11e3-bf01-24c6515278c0	0	0	0	0	0	0	0	0	0	1
e34bcc5e-c622-11e3-bf01-24c6515278c0	0	0	0	0	0	0	0	0	0	1
55e5497a-c623-11e3-bf01-24c6515278c0	0	0	0	0	0	0	0	0	0	1
73afad06-c623-11e3-bf01-24c6515278c0	1	0	0	0	0	0	0	0	0	1
c7d798b8-c622-11e3-bf01-24c6515278c0	0	0	0	0	0	1	0	0	0	1
2572b0bc-c622-11e3-bf01-24c6515278c0	0	0	0	0	0	0	0	0	0	1
40b1e928-c623-11e3-bf01-24c6515278c0	0	0	0	0	0	0	0	0	0	1
01dc6872-c623-11e3-bf01-24c6515278c0	0	0	0	0	0	0	0	0	0	1
15895218-c623-11e3-bf01-24c6515278c0	0	0	0	0	0	0	0	1	0	1
17de5b12-c623-11e3-bf01-24c6515278c0	0	0	0	0	0	0	0	0	0	1
221d0290-c623-11e3-bf01-24c6515278c0	0	0	0	0	0	0	0	0	0	1
2f149d78-c623-11e3-bf01-24c6515278c0	0	0	0	0	1	0	0	1	0	1
30a8f292-c623-11e3-bf01-24c6515278c0	0	0	0	1	0	0	0	0	0	1
35f82a33-bde2-47e2-8aba-ff1fd5920219	0	0	0	0	0	0	0	0	0	1
3c30b10e-c623-11e3-bf01-24c6515278c0	0	0	0	0	0	0	0	0	0	1
468083cb-95c3-47c1-9d96-79bcf7bf3f26	0	0	0	0	0	0	0	0	0	1
5042b417-d14e-42bb-b6f3-de303346a252	0	0	0	1	0	0	0	1	0	1
5cf21488-c622-11e3-bf01-24c6515278c0	0	0	0	0	0	0	0	0	0	1
6a129b50-c623-11e3-bf01-24c6515278c0	0	0	0	0	0	0	0	1	0	1
7c405ca0-c622-11e3-bf01-24c6515278c0	0	0	0	0	0	0	0	1	0	1
7df3a542-c623-11e3-bf01-24c6515278c0	0	0	0	0	0	0	0	0	0	1
83d57c5c-c622-11e3-bf01-24c6515278c0	0	0	0	0	0	0	0	0	0	1
93a49462-4bd3-4efa-87a5-69006abba5a0	0	0	0	0	0	0	0	0	0	1
9aac83e4-c622-11e3-bf01-24c6515278c0	0	0	0	0	0	0	0	0	0	1
9db994a0-c622-11e3-bf01-24c6515278c0	0	0	0	0	0	0	0	0	0	1
9ec31146-c622-11e3-bf01-24c6515278c0	0	0	0	0	0	0	0	1	0	1
bef21282-c622-11e3-bf01-24c6515278c0	0	0	0	0	0	0	0	1	0	1
d3b72600-a888-4ef6-ac5d-661c105405dd	0	0	0	0	0	0	0	0	0	1
e127e9e4-c622-11e3-bf01-24c6515278c0	0	0	0	0	0	0	0	0	0	1
e23c591e-c622-11e3-bf01-24c6515278c0	0	0	0	0	0	0	1	0	0	1
e75fbf08-c622-11e3-bf01-24c6515278c0	1	0	0	0	0	0	0	0	0	1
ec23a354-e339-4466-9a1b-8e886ef627e6	0	0	0	0	0	0	0	0	0	1
fbd899a0-c622-11e3-bf01-24c6515278c0	0	0	0	0	0	0	0	1	0	1
59bfcb53-91c1-4dce-856a-f4afc8fa6224	0	0	0	0	0	0	0	0	0	1
7266ec7b-4824-4b88-910e-e9bfb848d55f	1	0	0	0	0	0	1	1	0	0
aa4a868a-df23-4eef-a618-e945aa2ce98a	1	0	0	0	0	0	1	1	1	0
e63fac5a-cc48-4ab4-b69d-3f0be6ad684d	0	0	0	0	0	0	1	0	0	0
db98d6d5-94a5-4559-8f29-49eb74f83ce3	0	0	0	0	0	0	1	0	0	0
d00625b4-6e0e-4d96-8e4c-8f1ddcc7aded	0	0	0	0	0	0	1	0	0	0
f4e673a9-5b85-46e7-bcac-2ce6e1026896	1	0	0	0	0	0	0	1	0	1
53534b3c-cd15-4d68-a9b1-6902bb234c45	1	0	0	0	0	0	1	1	1	1
e93b0979-65ef-4883-9b6e-39eb17966e66	1	0	0	0	0	0	0	1	0	1
b02b4bba-6e66-44fb-a48f-38c309aaaac5	1	0	0	0	0	0	0	1	0	1
1e2dcbcc-771c-43c5-8c8d-e0eb77cb3494	1	0	0	1	0	0	0	1	0	1
e41bc2ec-3e0b-4c37-806b-3f6f25c8c4db	0	0	0	0	0	0	0	0	0	1
30b9ab02-60f2-4974-85a9-874f247ae932	0	0	0	0	0	0	0	0	0	1
67189cd8-c623-11e3-bf01-24c6515278c0	0	0	0	0	1	0	0	0	0	1
5b178f44-c622-11e3-bf01-24c6515278c0	0	0	0	0	0	0	0	1	0	1
d333b55b-8bac-4a99-9d23-3cc0c25057bf	0	0	0	0	0	0	0	0	0	1
fc8130df-8ec8-5b1e-e040-11ac0d485e06	0	0	0	0	0	1	0	0	0	0
fc8130df-e399-e34d-e040-11ac0c483279	0	0	0	0	0	1	0	0	0	0
fc8130e0-a8b4-d80d-e040-11ac0c483272	0	0	0	0	0	1	0	0	0	0
5f94cb62-4019-47ff-bf6a-eeda8e9e033c	1	0	0	0	0	0	1	1	0	0
c9f91ded-3b04-4cd1-8ea6-bbc635a8a4f0	0	0	0	0	0	0	0	1	0	0
66b4a1f3-480f-4050-96ac-920c1c080864	0	0	0	0	0	0	0	1	0	0
04b570c2-3224-4e9b-81cc-089b4a7ff07a	0	0	0	0	0	0	0	1	0	0
26c301a6-a597-4c24-9f6c-2293e5ae41c7	0	0	0	0	0	0	0	1	0	0
571ce258-b453-4cac-b05e-05755791be84	0	0	0	0	0	0	0	1	0	0
ea351a5c-2982-4499-b631-c003deff7d33	0	0	0	0	0	0	1	1	0	0
a6045753-60bb-4e65-bc89-1ef0b47aab35	0	0	0	0	0	0	0	1	0	0
b41c63e8-bb85-4f83-9bc6-e611fd9ef075	0	0	0	0	0	0	0	1	0	0
5174f450-0bf7-4237-a53e-844064f0e701	0	0	0	0	0	0	0	1	0	0
dc57c2e7-4c5b-4e2b-93c6-f032fcebc2fa	0	0	0	0	0	0	0	1	0	0
0cf9bbc2-cbd5-4b64-8d90-cfa416307b39	0	0	0	0	0	0	0	1	0	0
b5cabba2-30a4-458e-897c-00ec3fefa6d2	1	0	0	0	0	0	1	1	0	0
7f7e007e-4b06-4328-b116-6dcdb2ad8181	0	0	0	0	0	0	0	1	0	0
99e7016a-c3c1-431c-8838-beb78a3cc017	0	0	0	0	0	0	0	1	0	0
a9a240f3-d237-4bb8-b968-e4a3cc7c2633	0	0	0	0	0	0	0	1	0	0
616ff577-c5c3-432e-a857-f29901de119c	0	0	0	0	0	0	0	1	0	0
a2034620-e4b5-4d4f-ac05-7fc1c098eb40	0	0	0	0	0	0	0	1	0	0
3b7810f7-f8ff-4d62-b766-3ba06170194c	0	0	0	0	0	0	0	1	0	0
295aac88-c623-11e3-bf01-24c6515278c0	0	0	0	0	0	1	0	0	0	1
35cca3b8-c623-11e3-bf01-24c6515278c0	0	0	0	0	0	1	0	0	0	0
52f43b72-15ea-40a0-a3b4-4bf22bc0bf25	1	0	0	0	0	0	1	1	0	0
9c399826-087f-44b9-98c0-bd881646b0f4	1	0	0	0	0	0	1	1	0	0
7c43c006-d917-4915-b304-65995b6c0d46	1	0	0	0	0	0	1	1	1	0
170ad241-9e24-469b-b7ca-3fd783a89b21	1	0	0	0	0	0	0	1	0	0
54195db3-94a9-4538-8bb8-9953d936acd4	0	0	0	0	0	0	1	1	1	0
754d26af-f184-497c-856a-cd1ea7a5115c	1	0	0	0	0	0	1	1	0	0
66290cc6-1f1f-4a0b-83d1-423952da4840	0	0	0	0	0	0	1	1	0	0
7ef9fd9b-d349-4ec3-ab4d-1a1d11c0204b	1	0	0	0	0	0	1	1	0	0
9078333d-73d3-496a-9fc3-a94353b7e107	1	0	0	0	0	0	1	1	0	0
1447c8cb-25d4-4092-8919-4df08f898d2d	1	0	0	0	0	0	1	1	1	0
bbff7954-95ec-455c-b0bc-92f67a09ee77	1	0	0	0	0	0	1	1	0	0
84a6ea88-eeb8-4060-a90c-e4abac013ad4	1	0	0	0	0	0	0	1	1	0
ef3a0ccd-85bc-4e5f-a8c6-5a2e2d9e6717	1	0	0	0	0	0	1	1	0	1
2564a262-03e8-467b-9ea2-f3ab38d75ae1	1	0	0	0	0	0	1	1	0	0
34d7b6cc-cfcf-4178-b075-f4d129ab18f7	0	0	0	0	0	1	1	1	0	0
fc639186-8302-798e-e040-11ac0c484cec	1	0	0	0	0	0	0	1	0	0
f221cbb5-eefa-187f-e040-11ac0c481708	0	0	0	0	0	0	0	1	0	0
ae82fead-2671-4335-a342-67bb69935ad9	0	0	0	0	0	0	0	1	0	0
a3135834-3af0-4e98-bc6f-ad8ddf33db80	0	0	0	0	0	0	0	1	0	0
9aecfc8f-62ea-4acf-aa00-d1f0fe6c6556	0	0	0	0	0	0	0	1	0	0
d8c2b4b2-e12b-43d2-bafc-87b29f027797	0	0	0	0	0	0	0	1	0	0
941fcb56-e059-403d-aab1-0692a3ecc45e	0	0	0	0	0	0	0	1	0	0
f988e698-9b34-45ce-ba4c-74e06e9cae4a	0	0	0	0	0	0	0	1	0	0
bc9b66f5-fcb8-4545-ab2d-438bb810edc0	0	0	0	0	0	0	0	1	0	0
1b8fe07d-859c-4d91-ade1-6b2bcb5774ce	0	0	0	0	0	0	0	1	0	0
c971ffa7-ce37-4138-b028-598a30478e25	0	0	0	0	0	0	0	1	0	0
7866dfb2-46b3-42b4-905b-12f80593d6bd	1	0	0	0	0	0	0	1	0	0
0bfd1043-8177-e3e4-e050-11ac0c4860c5	0	0	0	0	0	0	0	1	0	0
6622f932-c622-11e3-bf01-24c6515278c0	0	0	0	0	0	0	0	1	0	0
0be08326-c623-11e3-bf01-24c6515278c0	0	1	0	0	0	0	0	1	0	0
9cb80280-c622-11e3-bf01-24c6515278c0	0	1	0	0	0	0	0	1	0	0
50e3a421-9741-4cd8-911b-0f47ca518b6a	0	0	0	1	0	0	0	1	1	0
983c14b8-f35b-497b-9fd4-5e5f5f0a7aa7	0	0	0	0	0	0	1	1	1	0
ec399861-7a56-4ffd-8619-700b6e3a4367	1	0	0	0	0	0	0	1	0	0
5975deb5-00d2-4d18-b5c0-34ac9947fe11	0	0	0	0	0	0	1	1	0	0
bcf76f1a-7109-422d-94c9-5e8364895fa0	1	0	0	0	0	0	0	1	0	0
98e8f23c-5970-4fce-9551-4b11a772fe1b	1	0	0	0	0	0	1	1	0	0
b86678f3-c9cf-4ba4-8248-3efb2a7c4884	1	0	0	0	0	0	0	1	0	0
6dbac113-d4cf-4db5-97c9-50fa400bb47e	0	0	0	0	0	0	0	1	0	0
1d2d355a-8409-4c8a-9f07-ac62885e228d	0	0	0	0	0	0	0	1	0	0
34a445c2-1eb4-4a9f-8838-cddc2f82aae4	0	0	0	0	0	0	0	1	0	0
07f16397-71bb-4594-ad4d-caa7d2baeabd	0	0	0	0	0	0	0	1	0	0
d1875ee6-6677-4117-a7a8-930ab5cde775	0	0	0	0	0	0	0	1	0	0
bd3028c7-1fde-401d-a6b2-5f8e61eb4aa1	0	0	0	0	0	0	0	1	0	0
4c5228b5-bf31-4abd-a47c-d088e16dba13	0	0	0	0	0	0	0	1	0	0
b1f2442f-a973-47b4-9891-f028f0d44adc	0	0	0	0	0	0	0	1	0	0
ec16d1f5-f8a9-4c19-8cce-92f6ea9eb3f7	0	0	0	0	0	0	0	1	0	0
23fa90d5-b273-4e2c-9c88-68aa57b60e97	0	0	0	0	0	0	0	1	0	0
3da169e8-844a-4eee-b794-a2eb81db779a	0	0	0	0	0	0	0	1	0	0
3bb4c27b-4d0d-4d13-b910-41a9ebf95880	0	0	0	0	0	0	0	1	0	0
7a4f6014-f7a2-459b-bc43-df164e73cbba	0	0	0	0	0	0	0	1	0	0
dd7d623b-b9af-4147-9aa6-e09793691f10	0	0	0	0	0	0	0	1	0	0
e91ab7da-79a6-4ea0-bc24-7aacb39f7614	1	0	0	0	0	0	0	1	0	0
df2d41c4-7e79-4a46-aa4a-2a11c051ac40	0	0	0	0	0	0	0	1	0	0
36d9c1aa-c623-11e3-bf01-24c6515278c0	0	0	0	0	0	0	0	1	0	0
5eddfb26-c623-11e3-bf01-24c6515278c0	0	0	0	0	0	0	0	1	0	0
674819dc-c622-11e3-bf01-24c6515278c0	0	0	0	0	0	0	0	1	0	0
96abdbc8-c622-11e3-bf01-24c6515278c0	0	0	0	0	0	0	0	1	0	0
cc792058-c622-11e3-bf01-24c6515278c0	0	0	0	0	0	0	0	1	0	0
c906a13e-c622-11e3-bf01-24c6515278c0	0	0	0	0	0	0	0	1	0	0
5dce221a-c623-11e3-bf01-24c6515278c0	0	0	0	0	0	0	0	1	0	0
6ec4456e-c622-11e3-bf01-24c6515278c0	0	0	0	0	0	0	0	1	0	0
0831e45e-c623-11e3-bf01-24c6515278c0	0	0	0	0	0	0	0	1	0	0
34c24482-c623-11e3-bf01-24c6515278c0	1	0	0	0	0	0	0	1	0	0
53df19a8-c623-11e3-bf01-24c6515278c0	0	0	0	0	0	0	0	1	0	0
1c10ab52-01a3-11e4-8395-af1f6b7ba88c	0	0	0	0	0	0	0	1	0	0
f61e794e-c622-11e3-bf01-24c6515278c0	0	0	0	0	0	0	0	1	0	0
13bd2b30-c623-11e3-bf01-24c6515278c0	0	0	0	0	0	0	0	1	0	0
446437de-c622-11e3-bf01-24c6515278c0	0	0	0	0	0	0	0	1	0	0
062e96d4-c623-11e3-bf01-24c6515278c0	0	0	0	0	0	0	0	1	0	0
b32449c0-c622-11e3-bf01-24c6515278c0	0	0	0	0	0	0	0	1	0	0
b2d9aaff-5a48-48f0-bf55-bfd4ddaeccaf	0	0	0	0	0	0	0	1	0	0
3b02a7a7-e5bc-4e77-b691-521603630b00	0	0	0	0	0	0	0	1	0	1
eb588266-c622-11e3-bf01-24c6515278c0	0	0	0	0	0	0	0	1	0	0
ffad9288-c622-11e3-bf01-24c6515278c0	0	0	0	0	0	0	0	1	0	0
3e68233a-c623-11e3-bf01-24c6515278c0	0	0	0	0	0	0	0	1	0	0
59632e7e-c622-11e3-bf01-24c6515278c0	0	0	0	0	1	0	0	1	0	0
43dadc68-c623-11e3-bf01-24c6515278c0	0	0	0	0	0	0	0	1	0	0
8fd5e62c-c622-11e3-bf01-24c6515278c0	0	0	0	0	0	0	0	1	0	0
627823ec-c623-11e3-bf01-24c6515278c0	0	0	0	0	0	0	0	1	0	0
d4c9e5c6-c622-11e3-bf01-24c6515278c0	0	0	0	0	0	0	0	1	0	0
97c46ede-b280-4344-8dbb-e860c6472239	1	0	0	0	0	0	1	1	0	0
7d7fff91-3f69-4123-b514-140ed3d9cd66	0	0	0	0	0	0	1	1	0	0
f283ed80-8302-4f26-99ed-ea20d101289d	0	0	0	0	0	0	1	1	0	0
1a841850-fca0-48ab-8c78-db0bd5a64435	1	0	0	0	0	0	1	1	0	0
51458c86-0fdd-470e-b059-1ffbffc92a7f	1	1	0	0	0	0	1	1	0	0
bcef0b6c-6584-4090-9d28-ef784a7e5fbb	1	0	0	0	0	0	1	1	0	0
569ff1b4-de87-4309-8484-80549aaf9485	1	0	0	0	0	0	1	1	0	0
9df57388-7de1-4c90-910e-ef63a246dff1	1	0	0	0	0	0	1	1	0	0
02e5c36f-5bec-45e2-a048-875653b85ca1	0	0	0	0	0	0	1	1	0	0
d05ea63c-86a3-463a-a790-2edaa74b4da7	1	0	0	0	0	0	1	1	0	0
94652d14-2e4d-4f4a-a4f7-8df77df788c0	1	0	0	0	0	0	1	1	0	0
9ebac79d-8b38-4469-837e-b834725fe6d5	0	0	0	0	0	0	1	1	0	0
78100212-65aa-4365-8b64-4b33f77732d5	1	0	0	0	0	0	1	1	0	0
3b526846-72d6-4e10-b7cd-8cdb45a92a1c	1	0	0	0	0	0	1	1	0	0
a7a56d67-1bd7-4d69-9237-34c2d261261b	0	0	0	0	0	0	1	1	1	0
dc856038-f5f7-4dfc-a0a4-3e3a6b8d160f	1	0	0	0	0	0	1	1	1	0
fa9a3247-a465-4fdf-bb64-5afaa83a5d76	0	0	0	0	0	0	1	1	0	0
96ba50eb-3c12-41ad-ac7b-d23b2001fe44	1	0	0	0	0	0	1	1	0	0
fa54205f-7e51-4e5a-9f0a-5e8a2e40235f	0	0	0	0	0	0	1	1	0	0
d91f487e-0895-44ef-aeb1-a62bd576f8b0	0	0	0	0	0	0	1	1	0	0
8454fe53-869d-41c8-b0c8-a7929d00eec3	0	0	0	0	0	0	1	1	0	0
32fa6457-c8bd-4d26-8106-925baf13df68	0	0	0	0	0	0	1	1	0	0
39d38c06-3779-4ca4-b103-1d096f93dae8	1	0	0	0	0	0	1	1	0	0
4c027164-12de-456f-b933-6bc91f70b46f	1	0	0	0	0	0	1	1	1	0
73058c80-607e-4b55-b112-8f8f6775d014	1	0	0	0	0	0	0	1	1	0
a492a32b-bf2f-4f8c-b06e-794a4baa2fe7	1	0	0	0	0	0	1	1	0	0
b710b214-5666-4054-97ef-3b9ac2bd90ac	0	0	0	0	0	0	1	1	0	0
bbbc531a-dd41-40b7-ae59-e35508aea0c7	1	0	0	0	0	0	1	1	0	0
c741fb12-8160-43a7-bc70-2c545ea0031d	0	0	0	0	0	0	1	1	1	0
e1df938f-1f23-4291-98ef-13db6debb796	1	0	0	0	0	0	1	1	0	0
f1d9124e-dfa2-415e-b8b8-dd872fd3e2cb	0	0	0	0	0	0	1	1	0	0
fe96d91c-3686-4125-af71-b8703a011ad4	1	0	0	0	0	0	1	1	0	0
f8e61a02-92b1-947e-e040-11ac0d481b68	0	0	0	0	0	0	0	1	0	0
124d5b04-4588-44c3-9c00-61e064cf1bdb	0	0	0	0	0	0	0	1	0	0
4adc846a-42cb-4ebd-a954-e31eb29d7572	0	0	0	0	0	0	0	1	0	0
f266899a-1dab-4226-a965-bc1327c64080	0	0	0	0	0	0	0	1	0	0
915cbb43-9e00-433d-818f-531011bea57e	0	0	0	0	0	0	0	1	0	0
5f53bcda-2fd3-4574-9cc2-5efe353372b2	0	0	0	0	0	0	0	1	0	0
631eedb3-dbd1-4606-90e1-ea91b9a77a5a	0	0	0	1	0	0	0	1	0	0
fc68c24d-47ad-7961-e040-11ac0c48595c	1	0	0	0	0	0	0	1	0	0
f393bb0c-4178-ca4a-e040-11ac0d48455f	0	0	0	0	0	0	0	1	0	0
fc8130df-6bec-7627-e040-11ac0d485e04	0	0	0	0	0	0	0	1	0	0
fc8130e0-a94d-d9d0-e040-11ac0c483262	0	0	0	0	0	0	0	1	0	0
fc9ef456-75a2-5967-e040-11ac0c484477	0	0	0	0	0	0	1	1	0	0
fca3f7d0-2231-661c-e040-11ac0c4832fd	0	0	0	1	0	0	0	1	0	0
34ab4c57-5240-4af7-a329-a5ab55934fd4	0	0	0	0	0	0	0	1	0	0
a335b03d-41ac-4d41-a2a9-3134b5b0a0a7	0	0	0	0	0	0	0	1	0	0
155873b2-e5de-405f-87f6-6de0d238b160	0	0	0	0	0	0	0	1	0	0
f8fb791c-08b4-b6e1-e040-11ac0d4868f3	0	0	0	0	0	0	0	1	0	0
f221c897-6ad0-0df9-e040-11ac0c4813ef	0	0	0	0	0	0	0	1	0	0
12874085-a596-41ae-b4cd-817cb1ebb278	0	0	0	0	0	0	0	1	0	0
0d0793c1-df1b-4db1-ba36-adcb960cc0f5	0	0	0	0	0	0	0	1	0	0
6c31d730-1734-44ac-92b3-760981528723	0	0	0	0	1	0	1	1	0	0
d9e66fc5-9018-4568-b388-c5eb756f7823	0	0	0	0	0	0	0	1	0	0
e84debc4-b47d-48ed-a0d0-2859f0ebf987	0	0	0	0	0	0	0	1	0	0
745b8756-0eab-423f-8cde-e0ff1aaa6596	0	0	0	0	0	0	0	1	0	0
f6189828-eeaa-4d21-b163-53bf3d47a640	0	0	0	0	0	0	1	1	0	0
25f73b03-4ba8-47ba-ad80-6ccb82105c98	0	0	0	0	0	0	0	1	0	0
cd9efdef-a7fb-49e5-9515-63606ae8bbfc	0	0	0	0	0	0	0	1	0	0
53bcbb68-addd-47fc-9910-cd1d3f38197d	0	0	0	0	0	0	0	1	0	0
6f981023-4269-4e8e-a4ab-2c92bb27273c	0	0	0	0	0	0	1	1	0	0
4679f37a-4f09-449b-a1d8-1f02847996da	1	0	0	0	0	0	1	1	0	0
7fdd07a4-4a27-40c3-af92-a0074e6391f5	0	0	0	0	0	0	0	1	0	0
cf6c7066-6611-43ec-aef1-295a976cce5b	0	0	0	0	0	0	0	1	0	0
f1504811-8363-41e6-b43c-62452b1262d3	0	0	0	0	0	0	0	1	0	0
8c233a11-3b2e-4273-bbe1-b5a5f5a351d5	1	0	0	0	0	0	1	0	0	0
a3edc9cc-f54a-4459-a5d0-097879c811e5	1	0	0	0	0	0	1	1	0	0
e7c90af0-4b03-453e-b44f-e07248415088	1	0	0	0	0	0	0	0	0	0
6b20f942-7b89-497c-8a2e-ccce74d20ca9	1	0	0	0	0	0	0	1	0	0
53e6a756-bdcc-4217-afe7-27d776159544	0	0	0	0	0	0	1	0	1	0
4b5d9d8c-ff95-45f4-9287-2804e8a98ade	1	0	0	0	0	0	0	0	1	0
c3679262-63d7-463e-9501-6ab3f177aee8	0	1	0	0	0	0	1	0	1	0
09e1fe3e-bfd8-4175-ac42-0e1bf0ba5523	0	0	0	0	0	0	1	0	0	1
1168944c-5451-4a18-8758-88bf5723bdd9	1	0	0	0	0	0	1	1	0	0
2b6d4d66-7f0b-4bc0-b3d6-171956a937c5	1	0	0	0	0	0	1	0	0	0
5187e77d-f412-4303-8049-11d1aa1a0235	1	0	0	0	0	0	1	0	0	0
5d9ff58c-5702-48fc-a66a-d1276327fd49	0	1	0	0	0	0	1	0	0	0
75fac59c-3346-4c5a-bb9f-fb67fec8d13b	0	0	0	0	0	0	1	0	0	0
7981bbf3-dceb-4d89-900c-555967e97921	0	0	0	0	0	0	1	0	0	0
7f5fd36f-6e30-45ca-92a5-d8a8a8ee1bc2	1	0	0	0	0	0	1	0	0	0
8282283d-247a-431d-9421-0fcc52f0a897	0	0	0	0	0	0	1	1	0	0
91b6fd6b-547a-47e4-8ecb-a6f1826ccfd3	1	0	0	0	0	0	1	0	1	0
e7603fc8-9b73-4c17-86f9-46ca1bceeb1d	1	0	0	0	0	0	1	0	0	0
ee5d5e7d-78cf-4a29-a9ee-56aa3da877dd	1	1	0	0	0	0	1	1	0	0
f4ada7a2-c4ac-4f89-ada7-4645861002cb	0	0	0	0	0	0	1	0	0	0
fdbd0277-ddbf-4cc5-8ec3-3644b9553627	0	0	0	0	0	0	1	1	0	0
7512b38c-c623-11e3-bf01-24c6515278c0	0	0	0	0	0	0	1	0	0	0
e4fd1b3e-c622-11e3-bf01-24c6515278c0	0	0	0	0	0	0	1	0	0	0
60f81dba-c623-11e3-bf01-24c6515278c0	1	0	0	0	1	0	0	0	0	0
f8fae6e5-93b5-7233-e040-11ac0c4830e7	0	0	0	0	0	0	1	0	0	0
2439ec74-1713-4d47-a5d9-886f69dddcb6	1	0	0	1	0	0	0	0	0	0
fc806c50-2f6e-418d-e040-11ac0d485f01	0	0	0	1	0	0	0	0	0	0
b0d1fde4-928f-4f4c-bff6-33b885582bb5	0	0	0	1	0	0	0	0	0	0
bdc039d6-4817-4e6f-b8c6-a40b1e8e1a06	0	0	0	1	0	0	0	0	0	0
11ae45fb-05f6-425a-9295-d50d13407006	0	0	0	0	0	0	1	0	0	0
f8e61a06-42fa-e42c-e040-11ac0d481b72	0	0	0	0	0	0	1	0	0	0
cb74d12c-eed1-4b14-8f93-d70e625eb65e	0	0	0	0	0	0	1	0	0	0
19fe27d8-c623-11e3-bf01-24c6515278c0	0	0	0	0	0	0	1	0	0	0
7dddd413-d2c6-4f75-bbf6-3b202877546e	0	0	0	0	0	1	0	0	0	0
29548b5f-c88a-4908-8c46-e86483e75067	0	0	0	0	0	1	0	1	0	0
41de507a-c623-11e3-bf01-24c6515278c0	0	0	0	0	0	0	0	1	0	0
5f18b334-6616-406f-8f33-0592b56c14e6	0	0	0	1	0	0	0	0	0	0
108749d2-5c62-4ef1-92df-aec6941ba53b	1	0	0	0	0	0	0	1	0	0
461df2ae-fcf1-4b93-be0a-c14954fe7c42	1	0	0	0	0	0	0	0	0	0
45348eff-4b09-4776-825e-b18de9dba937	0	0	0	0	1	0	0	0	0	0
8c4ebff2-8318-4046-98f5-da8f6b1a9e3b	0	0	0	0	0	1	0	0	0	0
fc8130e0-ad63-b804-e040-11ac0d485e10	0	0	0	1	0	0	0	0	0	0
7ae510f8-c622-11e3-bf01-24c6515278c0	0	0	0	0	0	0	0	0	0	1
5c156f63-6537-4d93-a6c2-4155618cf638	0	0	0	0	0	0	0	1	0	0
d5423a93-0a72-43cf-a7ae-9011f47553c7	0	0	0	0	0	0	0	1	0	0
eba6d269-27f8-4e50-b59a-5d639bdd5cff	0	0	0	0	0	0	0	1	0	0
589e0aea-9057-4b8c-8af1-74c74fe46a38	0	0	0	0	0	1	0	0	0	0
f393bb0a-df7d-645c-e040-11ac0d484550	0	0	0	0	0	0	0	1	0	0
fca07e09-1fd2-9ef5-e040-11ac0d485bbd	0	0	0	1	0	1	0	1	0	0
f37de4fa-52f6-4fe4-a3fa-41803032c93f	0	0	0	0	0	0	0	1	0	0
304c3e10-583c-421d-ab01-15c937d5014a	0	0	0	0	0	0	0	1	0	0
18f5e75e-c623-11e3-bf01-24c6515278c0	0	0	0	0	0	0	0	1	0	0
7260f57c-c623-11e3-bf01-24c6515278c0	0	0	0	0	0	0	0	1	0	0
7fba5aac-c622-11e3-bf01-24c6515278c0	0	0	0	0	0	0	0	1	0	0
cf777ef1-765f-4828-b789-f5aa6722eb35	0	0	0	0	0	0	0	1	0	0
7d38018a-c622-11e3-bf01-24c6515278c0	0	0	0	1	0	0	0	0	0	0
b97941dd-9844-4db2-9e25-42c725f47d70	0	0	0	0	0	0	0	1	0	0
89f34810-19c6-47bc-981d-98498b013686	0	0	0	0	0	0	1	0	0	0
367fdef3-d7af-4996-932f-cc5087e843dc	0	0	0	0	0	0	0	1	0	0
6ea6b5e4-cdc4-4e3a-bde2-8089d2a4d7eb	0	0	0	0	0	0	0	1	0	0
f901c7f7-891e-8ec1-e040-11ac0c480829	0	0	0	0	0	0	0	1	0	0
f940cea2-7e79-e422-e040-11ac0d483224	0	0	0	0	0	0	1	0	0	0
b67208c4-c622-11e3-bf01-24c6515278c0	0	0	0	0	0	0	0	1	0	0
1ea7e01c-c623-11e3-bf01-24c6515278c0	0	0	0	0	0	0	0	1	0	0
a4beedc3-0e96-4e1c-90b4-3674dfc01786	1	0	0	0	0	0	0	0	0	0
7ae3671f-bf98-4693-8f35-3b762c9121d4	0	0	0	0	0	0	0	1	0	0
afd1f2e0-343c-416d-8e8f-2177f312c2f0	0	0	0	0	0	0	1	0	0	0
f9c0a12c-2651-d9ea-e040-11ac0d483201	0	0	0	0	0	0	0	1	0	0
00c27940-c623-11e3-bf01-24c6515278c0	0	0	0	0	0	1	0	0	0	0
07835447-5d7e-4828-80fd-89b063989c9a	1	0	0	0	0	0	0	0	0	0
1a4633c4-72a0-4e30-8c4c-345e04337627	1	0	0	0	0	0	0	0	0	0
2321c412-7730-4694-bc8f-199d7e51a7f8	0	0	0	0	0	1	0	0	0	0
35553150-e4ef-4539-b220-259f2d634bd7	0	0	0	0	0	0	0	1	0	0
39e32615-0160-4f13-b330-50748f5d87ed	0	0	0	0	0	1	0	0	0	0
3ad44032-01fb-4f84-b880-f01bb13a4359	0	0	0	0	0	0	0	1	0	0
42e92d78-c623-11e3-bf01-24c6515278c0	0	0	0	0	0	1	0	0	0	0
5d6ad982-bb01-4233-b8fa-d129460eec79	0	0	0	0	0	0	0	1	0	0
68054218-c623-11e3-bf01-24c6515278c0	0	0	0	0	0	1	0	0	0	0
69dbe6ef-f5de-4c1f-b2f2-963dcb6ccd3e	0	1	0	0	0	0	0	1	0	1
6d2a5ee7-9e46-4c09-a982-7b61b5d9bdea	0	0	0	0	0	0	0	1	0	0
7d6fb1a7-7742-4b8c-9903-abff706240b5	0	0	0	0	0	0	0	1	0	0
8404ef5b-7a64-47fe-98f9-3f63619d2d99	0	0	0	0	0	0	0	1	0	0
8659a35e-c622-11e3-bf01-24c6515278c0	0	0	0	1	0	0	0	0	0	0
909f3c5d-89fc-419b-a654-75ac1dbb149f	0	0	0	0	0	0	0	1	0	0
93be2990-bceb-45fd-aca5-3358d96e9d5a	0	0	0	0	0	0	0	1	0	0
a612b654-c622-11e3-bf01-24c6515278c0	0	0	0	1	0	0	0	0	0	0
a94d63fa-c622-11e3-bf01-24c6515278c0	0	0	0	0	0	1	0	0	0	0
ac2c8928-33a2-4aa0-8bc1-cdfa1ca0b56a	1	0	0	0	0	0	0	0	0	0
bd6bd940-ef06-433a-80d9-dca5683e9cd2	1	0	0	0	0	0	0	0	0	0
c20cb5c8-a6d0-4150-b72b-3f7e8909d72b	0	0	0	0	0	1	0	0	0	0
ce85ccf3-6621-4976-b187-2f28d45dd4d9	1	0	0	0	0	0	0	0	0	0
d31cce9d-1b38-44fd-9378-0d128e12a011	1	0	0	0	0	0	0	0	0	0
d8995dfa-a780-4fe6-b3f8-fb464f51a1cf	0	0	0	0	0	1	0	0	0	0
e2fa7251-507e-4d76-95a3-a228adc3885a	1	0	0	0	0	0	0	0	0	0
f87cdca1-2c85-49d2-e040-11ac0d485c9d	0	0	0	0	0	0	0	1	0	0
f9837a56-7244-4846-a63d-266e6a92f168	1	0	0	0	0	0	0	0	0	0
fc8130e0-aed2-bb2f-e040-11ac0d485e12	0	0	0	0	0	0	0	1	0	0
fc96e36c-67f1-4c02-e040-11ac0d48393d	0	0	0	0	0	0	0	1	0	0
cb56e4c2-2fff-4f09-be34-fbdaa3794b35	0	0	1	0	0	0	0	0	0	0
e23462f2-cb86-4a3e-8521-221f4bec247c	0	0	1	0	0	0	0	0	0	0
aed4363b-19b8-4cb5-aa34-a442410d0796	0	0	1	0	0	0	0	0	0	0
a65bcd07-c47d-4bda-a2bf-21f68cef2f3b	0	0	1	0	0	0	0	0	0	0
391a949d-217a-472c-a6d4-80e548039684	0	0	1	0	0	0	0	0	0	0
4a698352-25e6-4137-bef8-b6520d5b1b95	0	0	1	0	0	0	0	0	0	0
0609b182-0396-4755-b463-10f949c5b8bb	1	0	1	0	0	0	0	0	0	0
19b6b9d6-6912-4b85-a4bf-52014bcb170b	0	0	1	0	0	0	0	0	0	0
03b5268e-881e-49e7-824f-170c3fc8b11b	0	0	1	0	0	0	0	0	0	0
5a5a8409-a8f2-4c7b-85e5-b8bd85f2930c	0	0	1	0	0	0	0	0	0	0
8bda75a6-86b9-458e-948b-05049b4c52ce	1	0	0	0	0	0	0	0	0	0
7bd4d5e2-69ee-4264-93e4-2ba01418c460	0	0	0	0	0	1	0	0	0	0
b64173fc-abac-4695-902b-f0acf9444e9f	0	0	0	0	0	1	0	0	0	0
ea7d37ca-0dac-4ae6-ad03-97c6df3d116d	0	0	0	0	0	0	1	0	0	0
718c5a31-6b19-4f68-9fb9-79b0c00d64a5	0	0	0	0	0	0	1	0	0	0
bc69c97c-65c1-4e1c-a241-d17d3130e024	0	0	0	0	0	0	1	0	0	0
5fe83740-0688-46fe-97b4-4c7c8cfa206e	0	0	0	0	0	0	1	0	0	0
02706819-bcab-4c49-a569-a4a8c60db1c0	0	0	0	0	0	0	1	0	0	0
43bf37e0-3dbc-4360-818c-fc1356d77495	0	0	0	0	0	0	1	0	0	0
bb45c6f5-49cb-418d-85bb-3ded165e2d07	0	0	0	0	0	0	1	0	0	0
64e5ee38-e5c6-4911-ad87-c50dd8e52f1b	0	0	0	0	0	0	1	0	0	0
6f4d836f-e86f-4b12-9549-7117f59e3d4a	0	0	0	0	0	0	1	0	0	0
